PRAGMA foreign_keys=OFF;
BEGIN TRANSACTION;
CREATE TABLE IF NOT EXISTS "django_migrations" ("id" integer NOT NULL PRIMARY KEY AUTOINCREMENT, "app" varchar(255) NOT NULL, "name" varchar(255) NOT NULL, "applied" datetime NOT NULL);
INSERT INTO django_migrations VALUES(1,'contenttypes','0001_initial','2025-02-03 16:10:45.542225');
INSERT INTO django_migrations VALUES(2,'auth','0001_initial','2025-02-03 16:10:45.610801');
INSERT INTO django_migrations VALUES(3,'admin','0001_initial','2025-02-03 16:10:45.674284');
INSERT INTO django_migrations VALUES(4,'admin','0002_logentry_remove_auto_add','2025-02-03 16:10:45.717039');
INSERT INTO django_migrations VALUES(5,'admin','0003_logentry_add_action_flag_choices','2025-02-03 16:10:45.742047');
INSERT INTO django_migrations VALUES(6,'contenttypes','0002_remove_content_type_name','2025-02-03 16:10:45.793436');
INSERT INTO django_migrations VALUES(7,'auth','0002_alter_permission_name_max_length','2025-02-03 16:10:45.841082');
INSERT INTO django_migrations VALUES(8,'auth','0003_alter_user_email_max_length','2025-02-03 16:10:45.902112');
INSERT INTO django_migrations VALUES(9,'auth','0004_alter_user_username_opts','2025-02-03 16:10:45.943103');
INSERT INTO django_migrations VALUES(10,'auth','0005_alter_user_last_login_null','2025-02-03 16:10:45.990159');
INSERT INTO django_migrations VALUES(11,'auth','0006_require_contenttypes_0002','2025-02-03 16:10:46.003636');
INSERT INTO django_migrations VALUES(12,'auth','0007_alter_validators_add_error_messages','2025-02-03 16:10:46.032727');
INSERT INTO django_migrations VALUES(13,'auth','0008_alter_user_username_max_length','2025-02-03 16:10:46.069409');
INSERT INTO django_migrations VALUES(14,'auth','0009_alter_user_last_name_max_length','2025-02-03 16:10:46.108432');
INSERT INTO django_migrations VALUES(15,'auth','0010_alter_group_name_max_length','2025-02-03 16:10:46.155519');
INSERT INTO django_migrations VALUES(16,'auth','0011_update_proxy_permissions','2025-02-03 16:10:46.192645');
INSERT INTO django_migrations VALUES(17,'auth','0012_alter_user_first_name_max_length','2025-02-03 16:10:46.241644');
INSERT INTO django_migrations VALUES(18,'sessions','0001_initial','2025-02-03 16:10:46.286419');
INSERT INTO django_migrations VALUES(19,'api','0001_initial','2025-02-03 16:46:10.523497');
INSERT INTO django_migrations VALUES(20,'api','0002_enrollment_student_id_and_more','2025-02-03 23:17:03.885869');
INSERT INTO django_migrations VALUES(21,'api','0003_enrollment_student_image','2025-02-04 00:35:10.994019');
INSERT INTO django_migrations VALUES(22,'api','0002_userprofile','2025-02-12 12:34:43.143911');
INSERT INTO django_migrations VALUES(23,'api','0003_alter_course_title','2025-02-14 21:56:51.310244');
INSERT INTO django_migrations VALUES(24,'authtoken','0001_initial','2025-02-14 21:58:57.603122');
INSERT INTO django_migrations VALUES(25,'authtoken','0002_auto_20160226_1747','2025-02-14 21:58:57.679070');
INSERT INTO django_migrations VALUES(26,'authtoken','0003_tokenproxy','2025-02-14 21:58:57.710055');
INSERT INTO django_migrations VALUES(27,'authtoken','0004_alter_tokenproxy_options','2025-02-14 21:58:57.737642');
CREATE TABLE IF NOT EXISTS "auth_group_permissions" ("id" integer NOT NULL PRIMARY KEY AUTOINCREMENT, "group_id" integer NOT NULL REFERENCES "auth_group" ("id") DEFERRABLE INITIALLY DEFERRED, "permission_id" integer NOT NULL REFERENCES "auth_permission" ("id") DEFERRABLE INITIALLY DEFERRED);
INSERT INTO auth_group_permissions VALUES(1,1,32);
INSERT INTO auth_group_permissions VALUES(2,1,14);
INSERT INTO auth_group_permissions VALUES(3,1,28);
INSERT INTO auth_group_permissions VALUES(4,1,29);
INSERT INTO auth_group_permissions VALUES(5,1,30);
INSERT INTO auth_group_permissions VALUES(6,1,31);
INSERT INTO auth_group_permissions VALUES(7,2,32);
INSERT INTO auth_group_permissions VALUES(8,2,13);
INSERT INTO auth_group_permissions VALUES(9,2,14);
INSERT INTO auth_group_permissions VALUES(10,2,15);
INSERT INTO auth_group_permissions VALUES(11,2,16);
INSERT INTO auth_group_permissions VALUES(12,2,25);
INSERT INTO auth_group_permissions VALUES(13,2,26);
INSERT INTO auth_group_permissions VALUES(14,2,27);
INSERT INTO auth_group_permissions VALUES(15,2,28);
INSERT INTO auth_group_permissions VALUES(16,2,29);
INSERT INTO auth_group_permissions VALUES(17,2,30);
INSERT INTO auth_group_permissions VALUES(18,2,31);
CREATE TABLE IF NOT EXISTS "auth_user_groups" ("id" integer NOT NULL PRIMARY KEY AUTOINCREMENT, "user_id" integer NOT NULL REFERENCES "auth_user" ("id") DEFERRABLE INITIALLY DEFERRED, "group_id" integer NOT NULL REFERENCES "auth_group" ("id") DEFERRABLE INITIALLY DEFERRED);
INSERT INTO auth_user_groups VALUES(2,3,1);
INSERT INTO auth_user_groups VALUES(3,3,2);
INSERT INTO auth_user_groups VALUES(4,4,1);
INSERT INTO auth_user_groups VALUES(5,6,1);
CREATE TABLE IF NOT EXISTS "auth_user_user_permissions" ("id" integer NOT NULL PRIMARY KEY AUTOINCREMENT, "user_id" integer NOT NULL REFERENCES "auth_user" ("id") DEFERRABLE INITIALLY DEFERRED, "permission_id" integer NOT NULL REFERENCES "auth_permission" ("id") DEFERRABLE INITIALLY DEFERRED);
CREATE TABLE IF NOT EXISTS "django_admin_log" ("id" integer NOT NULL PRIMARY KEY AUTOINCREMENT, "object_id" text NULL, "object_repr" varchar(200) NOT NULL, "action_flag" smallint unsigned NOT NULL CHECK ("action_flag" >= 0), "change_message" text NOT NULL, "content_type_id" integer NULL REFERENCES "django_content_type" ("id") DEFERRABLE INITIALLY DEFERRED, "user_id" integer NOT NULL REFERENCES "auth_user" ("id") DEFERRABLE INITIALLY DEFERRED, "action_time" datetime NOT NULL);
INSERT INTO django_admin_log VALUES(1,'1','Forest engineering',1,'[{"added": {}}]',7,1,'2025-02-03 17:56:43.658704');
INSERT INTO django_admin_log VALUES(2,'1','Adeleke Ayotunde - Forest engineering',1,'[{"added": {}}]',8,1,'2025-02-03 19:23:59.039756');
INSERT INTO django_admin_log VALUES(3,'4','Advanced programming',1,'[{"added": {}}]',7,1,'2025-02-03 19:25:53.975367');
INSERT INTO django_admin_log VALUES(4,'2','Treasure_01',1,'[{"added": {}}]',4,1,'2025-02-04 05:17:33.081622');
INSERT INTO django_admin_log VALUES(5,'1','Students',1,'[{"added": {}}]',3,1,'2025-02-04 05:20:22.013182');
INSERT INTO django_admin_log VALUES(6,'2','Instructors',1,'[{"added": {}}]',3,1,'2025-02-04 05:21:29.815936');
INSERT INTO django_admin_log VALUES(7,'2','Treasure_01',2,'[]',4,1,'2025-02-04 05:21:52.073626');
INSERT INTO django_admin_log VALUES(8,'3','adeleke',1,'[{"added": {}}]',4,1,'2025-02-04 05:22:31.792841');
INSERT INTO django_admin_log VALUES(9,'4','pelin',1,'[{"added": {}}]',4,1,'2025-02-04 05:23:04.565697');
INSERT INTO django_admin_log VALUES(10,'4','pelin',2,'[{"changed": {"fields": ["Groups"]}}]',4,1,'2025-02-04 05:23:27.715713');
INSERT INTO django_admin_log VALUES(11,'3','adeleke',2,'[{"changed": {"fields": ["Staff status", "Groups"]}}]',4,1,'2025-02-04 05:24:09.177309');
INSERT INTO django_admin_log VALUES(12,'5','super',1,'[{"added": {}}]',4,1,'2025-02-05 16:19:26.096146');
INSERT INTO django_admin_log VALUES(13,'5','super',2,'[{"changed": {"fields": ["Staff status", "Superuser status"]}}]',4,1,'2025-02-05 16:19:35.187309');
INSERT INTO django_admin_log VALUES(14,'2','Instructors',2,'[]',3,1,'2025-02-05 23:28:24.882287');
INSERT INTO django_admin_log VALUES(15,'4','pelin',2,'[{"changed": {"fields": ["Staff status"]}}]',4,1,'2025-02-05 23:28:42.732782');
INSERT INTO django_admin_log VALUES(16,'1','Students',2,'[]',3,1,'2025-02-05 23:30:18.262149');
INSERT INTO django_admin_log VALUES(17,'4','pelin',2,'[{"changed": {"fields": ["Staff status", "Groups"]}}]',4,1,'2025-02-05 23:30:40.371228');
INSERT INTO django_admin_log VALUES(18,'1','super - admin',1,'[{"added": {}}]',9,5,'2025-02-12 13:08:24.396078');
INSERT INTO django_admin_log VALUES(19,'2','adeleke - instructor',1,'[{"added": {}}]',9,5,'2025-02-12 13:08:32.035959');
INSERT INTO django_admin_log VALUES(20,'3','pelin - student',1,'[{"added": {}}]',9,5,'2025-02-12 13:08:36.257756');
INSERT INTO django_admin_log VALUES(21,'4','pelin',2,'[{"changed": {"fields": ["password"]}}]',4,5,'2025-02-12 16:52:39.236519');
INSERT INTO django_admin_log VALUES(22,'4','pelin',2,'[]',4,5,'2025-02-12 16:52:49.831193');
INSERT INTO django_admin_log VALUES(23,'4','pelin',2,'[{"changed": {"fields": ["Email address"]}}]',4,5,'2025-02-12 18:03:25.902004');
INSERT INTO django_admin_log VALUES(24,'18','Pelin (00003) - Python',2,'[{"changed": {"fields": ["Student email"]}}]',8,5,'2025-02-12 18:03:52.583412');
INSERT INTO django_admin_log VALUES(25,'6','ayotunde',1,'[{"added": {}}]',4,5,'2025-02-12 18:05:46.398567');
INSERT INTO django_admin_log VALUES(26,'6','ayotunde',2,'[{"changed": {"fields": ["Email address", "Groups"]}}]',4,5,'2025-02-12 18:06:27.690002');
INSERT INTO django_admin_log VALUES(27,'5','Adeleke Ayotunde (00004) - Advanced programming',2,'[{"changed": {"fields": ["Student email"]}}]',8,5,'2025-02-12 18:08:28.171629');
INSERT INTO django_admin_log VALUES(28,'13','Adeleke Ayotunde (00007) - Flutter',2,'[{"changed": {"fields": ["Student email"]}}]',8,5,'2025-02-12 18:08:40.749074');
INSERT INTO django_admin_log VALUES(29,'5','Adeleke Ayotunde (00004) - Advanced programming',2,'[]',8,5,'2025-02-12 18:08:49.608434');
INSERT INTO django_admin_log VALUES(30,'4','Adeleke Ayotunde (00004) - Python',2,'[{"changed": {"fields": ["Student email"]}}]',8,5,'2025-02-12 18:09:02.137363');
INSERT INTO django_admin_log VALUES(31,'6','ayotunde',2,'[{"changed": {"fields": ["password"]}}]',4,5,'2025-02-12 18:34:49.955675');
INSERT INTO django_admin_log VALUES(32,'6','ayotunde',2,'[{"changed": {"fields": ["password"]}}]',4,5,'2025-02-12 21:29:45.449304');
CREATE TABLE IF NOT EXISTS "django_content_type" ("id" integer NOT NULL PRIMARY KEY AUTOINCREMENT, "app_label" varchar(100) NOT NULL, "model" varchar(100) NOT NULL);
INSERT INTO django_content_type VALUES(1,'admin','logentry');
INSERT INTO django_content_type VALUES(2,'auth','permission');
INSERT INTO django_content_type VALUES(3,'auth','group');
INSERT INTO django_content_type VALUES(4,'auth','user');
INSERT INTO django_content_type VALUES(5,'contenttypes','contenttype');
INSERT INTO django_content_type VALUES(6,'sessions','session');
INSERT INTO django_content_type VALUES(7,'api','course');
INSERT INTO django_content_type VALUES(8,'api','enrollment');
INSERT INTO django_content_type VALUES(9,'api','userprofile');
INSERT INTO django_content_type VALUES(10,'authtoken','token');
INSERT INTO django_content_type VALUES(11,'authtoken','tokenproxy');
CREATE TABLE IF NOT EXISTS "auth_permission" ("id" integer NOT NULL PRIMARY KEY AUTOINCREMENT, "content_type_id" integer NOT NULL REFERENCES "django_content_type" ("id") DEFERRABLE INITIALLY DEFERRED, "codename" varchar(100) NOT NULL, "name" varchar(255) NOT NULL);
INSERT INTO auth_permission VALUES(1,1,'add_logentry','Can add log entry');
INSERT INTO auth_permission VALUES(2,1,'change_logentry','Can change log entry');
INSERT INTO auth_permission VALUES(3,1,'delete_logentry','Can delete log entry');
INSERT INTO auth_permission VALUES(4,1,'view_logentry','Can view log entry');
INSERT INTO auth_permission VALUES(5,2,'add_permission','Can add permission');
INSERT INTO auth_permission VALUES(6,2,'change_permission','Can change permission');
INSERT INTO auth_permission VALUES(7,2,'delete_permission','Can delete permission');
INSERT INTO auth_permission VALUES(8,2,'view_permission','Can view permission');
INSERT INTO auth_permission VALUES(9,3,'add_group','Can add group');
INSERT INTO auth_permission VALUES(10,3,'change_group','Can change group');
INSERT INTO auth_permission VALUES(11,3,'delete_group','Can delete group');
INSERT INTO auth_permission VALUES(12,3,'view_group','Can view group');
INSERT INTO auth_permission VALUES(13,4,'add_user','Can add user');
INSERT INTO auth_permission VALUES(14,4,'change_user','Can change user');
INSERT INTO auth_permission VALUES(15,4,'delete_user','Can delete user');
INSERT INTO auth_permission VALUES(16,4,'view_user','Can view user');
INSERT INTO auth_permission VALUES(17,5,'add_contenttype','Can add content type');
INSERT INTO auth_permission VALUES(18,5,'change_contenttype','Can change content type');
INSERT INTO auth_permission VALUES(19,5,'delete_contenttype','Can delete content type');
INSERT INTO auth_permission VALUES(20,5,'view_contenttype','Can view content type');
INSERT INTO auth_permission VALUES(21,6,'add_session','Can add session');
INSERT INTO auth_permission VALUES(22,6,'change_session','Can change session');
INSERT INTO auth_permission VALUES(23,6,'delete_session','Can delete session');
INSERT INTO auth_permission VALUES(24,6,'view_session','Can view session');
INSERT INTO auth_permission VALUES(25,7,'add_course','Can add course');
INSERT INTO auth_permission VALUES(26,7,'change_course','Can change course');
INSERT INTO auth_permission VALUES(27,7,'delete_course','Can delete course');
INSERT INTO auth_permission VALUES(28,7,'view_course','Can view course');
INSERT INTO auth_permission VALUES(29,8,'add_enrollment','Can add enrollment');
INSERT INTO auth_permission VALUES(30,8,'change_enrollment','Can change enrollment');
INSERT INTO auth_permission VALUES(31,8,'delete_enrollment','Can delete enrollment');
INSERT INTO auth_permission VALUES(32,8,'view_enrollment','Can view enrollment');
INSERT INTO auth_permission VALUES(33,9,'add_userprofile','Can add user profile');
INSERT INTO auth_permission VALUES(34,9,'change_userprofile','Can change user profile');
INSERT INTO auth_permission VALUES(35,9,'delete_userprofile','Can delete user profile');
INSERT INTO auth_permission VALUES(36,9,'view_userprofile','Can view user profile');
INSERT INTO auth_permission VALUES(37,10,'add_token','Can add Token');
INSERT INTO auth_permission VALUES(38,10,'change_token','Can change Token');
INSERT INTO auth_permission VALUES(39,10,'delete_token','Can delete Token');
INSERT INTO auth_permission VALUES(40,10,'view_token','Can view Token');
INSERT INTO auth_permission VALUES(41,11,'add_tokenproxy','Can add Token');
INSERT INTO auth_permission VALUES(42,11,'change_tokenproxy','Can change Token');
INSERT INTO auth_permission VALUES(43,11,'delete_tokenproxy','Can delete Token');
INSERT INTO auth_permission VALUES(44,11,'view_tokenproxy','Can view Token');
CREATE TABLE IF NOT EXISTS "auth_group" ("id" integer NOT NULL PRIMARY KEY AUTOINCREMENT, "name" varchar(150) NOT NULL UNIQUE);
INSERT INTO auth_group VALUES(1,'Students');
INSERT INTO auth_group VALUES(2,'Instructors');
CREATE TABLE IF NOT EXISTS "auth_user" ("id" integer NOT NULL PRIMARY KEY AUTOINCREMENT, "password" varchar(128) NOT NULL, "last_login" datetime NULL, "is_superuser" bool NOT NULL, "username" varchar(150) NOT NULL UNIQUE, "last_name" varchar(150) NOT NULL, "email" varchar(254) NOT NULL, "is_staff" bool NOT NULL, "is_active" bool NOT NULL, "date_joined" datetime NOT NULL, "first_name" varchar(150) NOT NULL);
INSERT INTO auth_user VALUES(1,'pbkdf2_sha256$870000$0COfkFdp495ZpqMmhJg51O$OaPpM5A2NsEpECnRx0fh+Dmwu2KIj3owxP6InTulntg=','2025-02-07 15:15:06.893312',1,'aytreasure','','a.adeleke@alustudent.com',1,1,'2025-02-03 16:45:30.652292','');
INSERT INTO auth_user VALUES(2,'pbkdf2_sha256$870000$rbI1IVkiaCyd5EfDjVD0tv$K3yuN8W9hzKFsh4f5JheOItklYXvbtiGd9AbWSXQLE0=','2025-02-04 06:11:49.343039',0,'Treasure_01','','',0,1,'2025-02-04 05:17:31','');
INSERT INTO auth_user VALUES(3,'pbkdf2_sha256$870000$2OKHBU0XP6VBNiW4RkoUHz$v8jkzt8aWLBWL7UmMWZLDEvkzoxL9YlftK4vzQQpCQo=','2025-02-05 23:25:23.545062',0,'adeleke','','',1,1,'2025-02-04 05:22:30','');
INSERT INTO auth_user VALUES(4,'pbkdf2_sha256$870000$0MUTHWk80abxYRLUaH5dEY$FnCkmpiQ6QLRyfl8CvyVREGzDXy2d9licchJNHFeC0Y=','2025-02-15 16:07:51.561534',0,'pelin','','pelin@alustudent.com',0,1,'2025-02-04 05:23:03','');
INSERT INTO auth_user VALUES(5,'pbkdf2_sha256$870000$cOIoV8hjFOiQBhUbvy7w0B$ndZqR4MV5SnCXsgrQf0lxNmRTSV2+AKRqmjXBnrzFiw=','2025-02-15 17:43:06.367863',1,'super','','',1,1,'2025-02-05 16:19:24','');
INSERT INTO auth_user VALUES(6,'pbkdf2_sha256$870000$WUPlwl8L2kAhXLbBLsqokl$AM3L+gisNIFJKoBSjHGOfHWORwKrHVnWUlgrVdNEfyo=','2025-02-12 20:11:24.752872',0,'ayotunde','','ayotunde@gmail.com',0,1,'2025-02-12 18:05:45','');
CREATE TABLE IF NOT EXISTS "django_session" ("session_key" varchar(40) NOT NULL PRIMARY KEY, "session_data" text NOT NULL, "expire_date" datetime NOT NULL);
INSERT INTO django_session VALUES('k8c4ai8jnn11e59vd74i9wyjwq790rjx','.eJxVjDsOwjAQBe_iGln-x0tJnzNYa6-NA8iR4qRC3J1ESgHtzLz3ZgG3tYat5yVMxK5Msssvi5ieuR2CHtjuM09zW5cp8iPhp-18nCm_bmf7d1Cx132NzhsYMpEoBbzSiGA8aA8I1ulitRTKSbBGCKdVIpAi22QSDDuw0bDPF755NmY:1teza3:6hDVHt02FHgt8OfS3FH8l1R42PgeeQdMAfJ6H11Q1wo','2025-02-17 16:45:51.183612');
INSERT INTO django_session VALUES('dco7g9v0yo3wswtay20jejbye0g8cuzr','.eJxVjDsOwjAQBe_iGlmsnTgOJX3OYK33GRxAtpRPhbg7iZQC2jfz5q0Cr0sO65ymMEJdlFWn3y2yPFPZAR5c7lVLLcs0Rr0r-qCzHirS63q4f4HMc97erb31QmdipMYxIGhJxJGFEaAjNF7AQuxAhq3v-q1N8L5JESaK-nwBEi45ZQ:1tfCE5:WwZppqD3XdM16PQSo2OArpy5mIvLrdiuYA0RQJ4aocY','2025-02-18 06:16:01.462045');
INSERT INTO django_session VALUES('b18x79nqryf343udcr9p14awtmzz7xsy','.eJxVjDsOwjAQBe_iGln-x0tJnzNYa6-NA8iR4qRC3J1ESgHtzLz3ZgG3tYat5yVMxK5Msssvi5ieuR2CHtjuM09zW5cp8iPhp-18nCm_bmf7d1Cx132NzhsYMpEoBbzSiGA8aA8I1ulitRTKSbBGCKdVIpAi22QSDDuw0bDPF755NmY:1tfCYJ:gQunt8I46H-g-6S0iDWUoYEuwzBlx0ajJmli0-18lPk','2025-02-18 06:36:55.031758');
INSERT INTO django_session VALUES('kgrtn8tiul9p1djqqg6kp990vrg6d8bk','.eJxVjDsOwjAQBe_iGlkb_2JT0ucM1nq94ACypTipEHeHSCmgfTPzXiLitpa4dV7inMVZWHH63RLSg-sO8h3rrUlqdV3mJHdFHrTLqWV-Xg7376BgL986BQPJcIBA3lsYnM8OyeFI6jpC9onROTCktVXZJKM9Ow7KEwQOlgbx_gDY5zeF:1tfi82:BSqpglO3iwZdr0Cw46CM3tgwJS821FsYBdiDO6QpJ84','2025-02-19 16:19:54.509420');
INSERT INTO django_session VALUES('cduygfa93nvpza3d2mw1bwkv3y8zim38','.eJxVjDsOwjAQBe_iGlkb_2JT0ucM1nq94ACypTipEHeHSCmgfTPzXiLitpa4dV7inMVZWHH63RLSg-sO8h3rrUlqdV3mJHdFHrTLqWV-Xg7376BgL986BQPJcIBA3lsYnM8OyeFI6jpC9onROTCktVXZJKM9Ow7KEwQOlgbx_gDY5zeF:1tfiU1:rz3ExI4CqgVY-N29uPFXrzevKC0Q4DCFCFhGltjRVbU','2025-02-19 16:42:37.958957');
INSERT INTO django_session VALUES('tzy15bfvqmq0vtb4n1lwu50p8zaawngi','.eJxVjDsOwjAQBe_iGln-x0tJnzNYa6-NA8iR4qRC3J1ESgHtzLz3ZgG3tYat5yVMxK5Msssvi5ieuR2CHtjuM09zW5cp8iPhp-18nCm_bmf7d1Cx132NzhsYMpEoBbzSiGA8aA8I1ulitRTKSbBGCKdVIpAi22QSDDuw0bDPF755NmY:1tfopz:9i86qplsZRTOZ9K0JTzGF0HWzvkzmeZfB3yU5HaGAco','2025-02-19 23:29:43.697470');
INSERT INTO django_session VALUES('uadk3sdnwe3kri8q9lyhzkfxq2hmqv6s','.eJxVjDsOwjAQBe_iGln-x0tJnzNYa6-NA8iR4qRC3J1ESgHtzLz3ZgG3tYat5yVMxK5Msssvi5ieuR2CHtjuM09zW5cp8iPhp-18nCm_bmf7d1Cx132NzhsYMpEoBbzSiGA8aA8I1ulitRTKSbBGCKdVIpAi22QSDDuw0bDPF755NmY:1tgQ4Q:t1EwY5dO3Q9ALYJ3_lFaNQiHiNo6v5SR6e435CGcjRU','2025-02-21 15:15:06.935762');
INSERT INTO django_session VALUES('zjdbwaa2jqlg61cpeq6rnxd7doj8po4y','.eJxVjDsOwjAQBe_iGlkb_2JT0ucM1nq94ACypTipEHeHSCmgfTPzXiLitpa4dV7inMVZWHH63RLSg-sO8h3rrUlqdV3mJHdFHrTLqWV-Xg7376BgL986BQPJcIBA3lsYnM8OyeFI6jpC9onROTCktVXZJKM9Ow7KEwQOlgbx_gDY5zeF:1tiCU0:XkzjI48Q3ljQPBlmJ3mVn1TspHHe2cpMj7liEwIEMcc','2025-02-26 13:08:52.820909');
INSERT INTO django_session VALUES('tus6abbv64uzv8gqq0u6fw7egz924c0a','.eJxVjEEOwiAQRe_C2hBaYBhcuvcMBAZGqoYmpV0Z765NutDtf-_9lwhxW2vYelnClMVZGHH63VKkR2k7yPfYbrOkua3LlOSuyIN2eZ1zeV4O9--gxl6_tVbKA6aBNMFIxDob9o6TdT6id1YXAmLkYQSvINmY0XgeoTCiA9Ti_QHgDDeo:1tiGvh:7yu3QWUYjKLeXJoKBa6PTAIcZouok84eMMPtHK_zgHA','2025-02-26 17:53:45.792866');
INSERT INTO django_session VALUES('qsvspv3dc8r64p0bx06cum4of75a4yej','.eJxVjDsOwjAQBe_iGlkb_2JT0ucM1nq94ACypTipEHeHSCmgfTPzXiLitpa4dV7inMVZWHH63RLSg-sO8h3rrUlqdV3mJHdFHrTLqWV-Xg7376BgL986BQPJcIBA3lsYnM8OyeFI6jpC9onROTCktVXZJKM9Ow7KEwQOlgbx_gDY5zeF:1tjMC2:imHKAQXLld9i7ykV3BS0pJAlCJnyjVwaOjSqvc19IzI','2025-03-01 17:43:06.424864');
CREATE TABLE IF NOT EXISTS "api_course" ("id" integer NOT NULL PRIMARY KEY AUTOINCREMENT, "title" varchar(255) NOT NULL, "description" text NOT NULL, "instructor" varchar(255) NOT NULL, "instructor_image" varchar(100) NULL, "start_date" date NOT NULL, "end_date" date NOT NULL);
INSERT INTO api_course VALUES(1,'Forest engineering','Some descriptions','Prof. Mund','','2025-02-25','2025-03-11');
INSERT INTO api_course VALUES(2,'Chemistry','Python is a high-level, interpreted language.','Jane Doe','','2025-03-01','2025-06-01');
INSERT INTO api_course VALUES(3,'Python','Python is a high-level, interpreted language.','Jane Doe','','2025-03-01','2025-06-01');
INSERT INTO api_course VALUES(4,'Advanced programming','Some descriptions','Pelin','instructor_images/male_placehold.jpg','2025-02-10','2025-02-04');
INSERT INTO api_course VALUES(5,'Mobile Dev','Some descriptions','Samiratu','','2025-03-10','2025-02-04');
INSERT INTO api_course VALUES(6,'Flutter','Some descriptions','Wakuma','','2025-02-10','2025-02-28');
INSERT INTO api_course VALUES(7,'Machine Learning','Some descriptions','Fred Doe','','2025-01-04','2025-06-04');
INSERT INTO api_course VALUES(10,'virtual reality','Some descriptions','Light Yagami','','2025-10-04','2025-11-04');
INSERT INTO api_course VALUES(11,'Mathematics','Some descriptions','king kong','','2025-08-04','2025-10-04');
INSERT INTO api_course VALUES(12,'English','Some descriptions','Bola Ade','','2025-06-04','2025-08-04');
INSERT INTO api_course VALUES(13,'AgriTech','Some descriptions','Bola Ade','','2025-06-04','2025-08-04');
INSERT INTO api_course VALUES(14,'BioTech','Some descriptions','Bola Akin','','2025-03-04','2025-05-04');
INSERT INTO api_course VALUES(15,'Sustainability','Description','Kathy','','2025-02-25','2025-02-28');
INSERT INTO api_course VALUES(16,'GeoTech','Some descriptions','Bola Ajax','','2025-07-04','2025-11-04');
INSERT INTO api_course VALUES(17,'TechLife','Some descriptions','Sammy','','2025-09-04','2025-12-04');
INSERT INTO api_course VALUES(19,'Alu New Course','Some descriptions','Fred Swaniker','','2025-07-04','2025-09-04');
CREATE TABLE IF NOT EXISTS "api_enrollment" ("id" integer NOT NULL PRIMARY KEY AUTOINCREMENT, "student_name" varchar(255) NOT NULL, "student_email" varchar(254) NOT NULL, "enrollment_date" date NOT NULL, "course_id" bigint NOT NULL REFERENCES "api_course" ("id") DEFERRABLE INITIALLY DEFERRED, "student_id" varchar(50) NOT NULL, "student_image" varchar(100) NULL);
INSERT INTO api_enrollment VALUES(2,'Adeleke Adeola','adeola@gmail.com','2025-02-03',4,'DEFAULT_ID',NULL);
INSERT INTO api_enrollment VALUES(3,'Adeola Adeleke','Adeleke@gmail.com','2025-02-03',11,'DEFAULT_ID','');
INSERT INTO api_enrollment VALUES(5,'Adeleke Ayotunde','ayotunde@gmail.com','2025-02-04',5,'00004','');
INSERT INTO api_enrollment VALUES(6,'Adeola Adeleke','Adeleke@gmail.com','2025-02-04',4,'00005',NULL);
INSERT INTO api_enrollment VALUES(7,'Adeola Adeleke','Adeleke@gmail.com','2025-02-04',3,'00006','');
INSERT INTO api_enrollment VALUES(8,'Adeola Adeleke','Adelekea@gmail.com','2025-02-04',4,'00008',NULL);
INSERT INTO api_enrollment VALUES(9,'Adeola Adeleke','Adelekea@gmail.com','2025-02-04',2,'00004','student_images/male_placehold_X8Bvihs.jpg');
INSERT INTO api_enrollment VALUES(11,'Adeola Adeleke','Adeleke@gmail.com','2025-02-04',5,'',NULL);
INSERT INTO api_enrollment VALUES(13,'Adeleke Ayotunde','ayotunde@gmail.com','2025-02-04',13,'00007','');
INSERT INTO api_enrollment VALUES(14,'Adeola Adeleke','Adelekem@gmail.com','2025-02-04',3,'000059','');
INSERT INTO api_enrollment VALUES(18,'Pelin','pelin@alustudent.com','2025-02-12',3,'00003','');
INSERT INTO api_enrollment VALUES(19,'Ayotunde Adeleke','ayotunde@gmail.com','2025-02-12',12,'00005','');
INSERT INTO api_enrollment VALUES(20,'Ayotunde Ade','ayotunde@gmail.com','2025-02-12',10,'00004','');
INSERT INTO api_enrollment VALUES(21,'Adeola Adeleke','Adelekes@gmail.com','2025-02-15',12,'00004','');
INSERT INTO api_enrollment VALUES(22,'Pelin','pelin@alustudent.com','2025-02-15',5,'00003','');
INSERT INTO api_enrollment VALUES(23,'Pelin','pelin@alustudent.com','2025-02-15',12,'00003','');
INSERT INTO api_enrollment VALUES(24,'Pelin','pelin@alustudent.com','2025-02-15',11,'00003','');
INSERT INTO api_enrollment VALUES(26,'Pelin','pelin@alustudent.com','2025-02-15',16,'c:/Windows/system.ini','');
INSERT INTO api_enrollment VALUES(27,'Adeola Adeleke','Adelekes@gmail.com','2025-02-15',12,'c:/Windows/system.ini','');
INSERT INTO api_enrollment VALUES(28,'Pelin','pelin@alustudent.com','2025-02-15',16,'c:\Windows\system.ini','');
INSERT INTO api_enrollment VALUES(29,'Adeola Adeleke','Adelekes@gmail.com','2025-02-15',12,'c:\Windows\system.ini','');
INSERT INTO api_enrollment VALUES(30,'Adeola Adeleke','Adelekes@gmail.com','2025-02-15',12,'/etc/passwd','');
INSERT INTO api_enrollment VALUES(31,'Adeola Adeleke','Adelekes@gmail.com','2025-02-15',12,'/','');
INSERT INTO api_enrollment VALUES(32,'Pelin','pelin@alustudent.com','2025-02-15',16,'/etc/passwd','');
INSERT INTO api_enrollment VALUES(33,'Adeola Adeleke','Adelekes@gmail.com','2025-02-15',12,'../../../../../../../../../../../../../../../../','');
INSERT INTO api_enrollment VALUES(34,'Adeola Adeleke','Adelekes@gmail.com','2025-02-15',12,'c:/','');
INSERT INTO api_enrollment VALUES(35,'Adeola Adeleke','Adelekes@gmail.com','2025-02-15',12,'c:\','');
INSERT INTO api_enrollment VALUES(36,'Adeola Adeleke','Adelekes@gmail.com','2025-02-15',12,'WEB-INF/web.xml','');
INSERT INTO api_enrollment VALUES(37,'Adeola Adeleke','Adelekes@gmail.com','2025-02-15',12,'WEB-INF\web.xml','');
INSERT INTO api_enrollment VALUES(38,'Pelin','pelin@alustudent.com','2025-02-15',16,'/','');
INSERT INTO api_enrollment VALUES(39,'Adeola Adeleke','Adelekes@gmail.com','2025-02-15',12,'/WEB-INF/web.xml','');
INSERT INTO api_enrollment VALUES(40,'Pelin','pelin@alustudent.com','2025-02-15',16,'../../../../../../../../../../../../../../../../','');
INSERT INTO api_enrollment VALUES(41,'Pelin','pelin@alustudent.com','2025-02-15',16,'c:/','');
INSERT INTO api_enrollment VALUES(42,'Adeola Adeleke','Adelekes@gmail.com','2025-02-15',12,'\WEB-INF\web.xml','');
INSERT INTO api_enrollment VALUES(43,'Pelin','pelin@alustudent.com','2025-02-15',16,'c:\','');
INSERT INTO api_enrollment VALUES(44,'Adeola Adeleke','Adelekes@gmail.com','2025-02-15',12,'thishouldnotexistandhopefullyitwillnot','');
INSERT INTO api_enrollment VALUES(45,'Pelin','pelin@alustudent.com','2025-02-15',16,'WEB-INF/web.xml','');
INSERT INTO api_enrollment VALUES(46,'Pelin','pelin@alustudent.com','2025-02-15',16,'WEB-INF\web.xml','');
INSERT INTO api_enrollment VALUES(47,'Pelin','pelin@alustudent.com','2025-02-15',16,'/WEB-INF/web.xml','');
INSERT INTO api_enrollment VALUES(48,'Pelin','pelin@alustudent.com','2025-02-15',16,'\WEB-INF\web.xml','');
INSERT INTO api_enrollment VALUES(49,'Pelin','pelin@alustudent.com','2025-02-15',16,'thishouldnotexistandhopefullyitwillnot','');
INSERT INTO api_enrollment VALUES(50,'Pelin','pelin@alustudent.com','2025-02-15',16,'http://www.google.com/','');
INSERT INTO api_enrollment VALUES(51,'Adeola Adeleke','Adelekes@gmail.com','2025-02-15',12,'http://www.google.com/','');
INSERT INTO api_enrollment VALUES(52,'Adeola Adeleke','Adelekes@gmail.com','2025-02-15',12,'http://www.google.com:80/','');
INSERT INTO api_enrollment VALUES(53,'Pelin','pelin@alustudent.com','2025-02-15',16,'http://www.google.com:80/','');
INSERT INTO api_enrollment VALUES(54,'Adeola Adeleke','Adelekes@gmail.com','2025-02-15',12,'http://www.google.com','');
INSERT INTO api_enrollment VALUES(55,'Pelin','pelin@alustudent.com','2025-02-15',16,'http://www.google.com','');
INSERT INTO api_enrollment VALUES(56,'Pelin','pelin@alustudent.com','2025-02-15',16,'http://www.google.com/search?q=ZAP','');
INSERT INTO api_enrollment VALUES(57,'Adeola Adeleke','Adelekes@gmail.com','2025-02-15',12,'http://www.google.com/search?q=ZAP','');
INSERT INTO api_enrollment VALUES(58,'Pelin','pelin@alustudent.com','2025-02-15',16,'http://www.google.com:80/search?q=ZAP','');
INSERT INTO api_enrollment VALUES(59,'Pelin','pelin@alustudent.com','2025-02-15',16,'www.google.com/','');
INSERT INTO api_enrollment VALUES(60,'Adeola Adeleke','Adelekes@gmail.com','2025-02-15',12,'http://www.google.com:80/search?q=ZAP','');
INSERT INTO api_enrollment VALUES(61,'Pelin','pelin@alustudent.com','2025-02-15',16,'www.google.com:80/','');
INSERT INTO api_enrollment VALUES(62,'Pelin','pelin@alustudent.com','2025-02-15',16,'www.google.com','');
INSERT INTO api_enrollment VALUES(63,'Adeola Adeleke','Adelekes@gmail.com','2025-02-15',12,'www.google.com/','');
INSERT INTO api_enrollment VALUES(64,'Adeola Adeleke','Adelekes@gmail.com','2025-02-15',12,'www.google.com:80/','');
INSERT INTO api_enrollment VALUES(65,'Pelin','pelin@alustudent.com','2025-02-15',16,'www.google.com/search?q=ZAP','');
INSERT INTO api_enrollment VALUES(66,'Adeola Adeleke','Adelekes@gmail.com','2025-02-15',12,'www.google.com','');
INSERT INTO api_enrollment VALUES(67,'Adeola Adeleke','Adelekes@gmail.com','2025-02-15',12,'www.google.com/search?q=ZAP','');
INSERT INTO api_enrollment VALUES(68,'Adeola Adeleke','Adelekes@gmail.com','2025-02-15',12,'www.google.com:80/search?q=ZAP','');
INSERT INTO api_enrollment VALUES(69,'Pelin','pelin@alustudent.com','2025-02-15',16,'www.google.com:80/search?q=ZAP','');
INSERT INTO api_enrollment VALUES(70,'Adeola Adeleke','Adelekes@gmail.com','2025-02-15',12,'6589085355250266714.owasp.org','');
INSERT INTO api_enrollment VALUES(71,'Pelin','pelin@alustudent.com','2025-02-15',16,'6589085355250266714.owasp.org','');
INSERT INTO api_enrollment VALUES(72,'Adeola Adeleke','Adelekes@gmail.com','2025-02-15',12,'http://6589085355250266714.owasp.org','');
INSERT INTO api_enrollment VALUES(73,'Pelin','pelin@alustudent.com','2025-02-15',16,'http://6589085355250266714.owasp.org','');
INSERT INTO api_enrollment VALUES(74,'Pelin','pelin@alustudent.com','2025-02-15',16,'https://6589085355250266714.owasp.org','');
INSERT INTO api_enrollment VALUES(75,'Adeola Adeleke','Adelekes@gmail.com','2025-02-15',12,'https://6589085355250266714.owasp.org','');
INSERT INTO api_enrollment VALUES(76,'Adeola Adeleke','Adelekes@gmail.com','2025-02-15',12,'https://6589085355250266714%2eowasp%2eorg','');
INSERT INTO api_enrollment VALUES(77,'Adeola Adeleke','Adelekes@gmail.com','2025-02-15',12,'5;URL=''https://6589085355250266714.owasp.org''','');
INSERT INTO api_enrollment VALUES(78,'Pelin','pelin@alustudent.com','2025-02-15',16,'https://6589085355250266714%2eowasp%2eorg','');
INSERT INTO api_enrollment VALUES(79,'Pelin','pelin@alustudent.com','2025-02-15',16,'5;URL=''https://6589085355250266714.owasp.org''','');
INSERT INTO api_enrollment VALUES(80,'Adeola Adeleke','Adelekes@gmail.com','2025-02-15',12,'URL=''http://6589085355250266714.owasp.org''','');
INSERT INTO api_enrollment VALUES(81,'Pelin','pelin@alustudent.com','2025-02-15',16,'URL=''http://6589085355250266714.owasp.org''','');
INSERT INTO api_enrollment VALUES(82,'Pelin','pelin@alustudent.com','2025-02-15',16,'http://\6589085355250266714.owasp.org','');
INSERT INTO api_enrollment VALUES(83,'Adeola Adeleke','Adelekes@gmail.com','2025-02-15',12,'http://\6589085355250266714.owasp.org','');
INSERT INTO api_enrollment VALUES(84,'Pelin','pelin@alustudent.com','2025-02-15',16,'https://\6589085355250266714.owasp.org','');
INSERT INTO api_enrollment VALUES(85,'Adeola Adeleke','Adelekes@gmail.com','2025-02-15',12,'https://\6589085355250266714.owasp.org','');
INSERT INTO api_enrollment VALUES(86,'Pelin','pelin@alustudent.com','2025-02-15',16,'//6589085355250266714.owasp.org','');
INSERT INTO api_enrollment VALUES(87,'Adeola Adeleke','Adelekes@gmail.com','2025-02-15',12,'//6589085355250266714.owasp.org','');
INSERT INTO api_enrollment VALUES(88,'Pelin','pelin@alustudent.com','2025-02-15',16,'<!--#EXEC cmd="ls /"-->','');
INSERT INTO api_enrollment VALUES(89,'Adeola Adeleke','Adelekes@gmail.com','2025-02-15',12,'<!--#EXEC cmd="ls /"-->','');
INSERT INTO api_enrollment VALUES(90,'Pelin','pelin@alustudent.com','2025-02-15',16,'"><!--#EXEC cmd="ls /"--><','');
INSERT INTO api_enrollment VALUES(91,'Pelin','pelin@alustudent.com','2025-02-15',16,'<!--#EXEC cmd="dir \"-->','');
INSERT INTO api_enrollment VALUES(92,'Adeola Adeleke','Adelekes@gmail.com','2025-02-15',12,'"><!--#EXEC cmd="ls /"--><','');
INSERT INTO api_enrollment VALUES(93,'Pelin','pelin@alustudent.com','2025-02-15',16,'"><!--#EXEC cmd="dir \"--><','');
INSERT INTO api_enrollment VALUES(94,'Adeola Adeleke','Adelekes@gmail.com','2025-02-15',12,'<!--#EXEC cmd="dir \"-->','');
INSERT INTO api_enrollment VALUES(95,'Adeola Adeleke','Adelekes@gmail.com','2025-02-15',12,'"><!--#EXEC cmd="dir \"--><','');
INSERT INTO api_enrollment VALUES(96,'Adeola Adeleke','Adelekes@gmail.com','2025-02-15',12,'0W45pz4p','');
INSERT INTO api_enrollment VALUES(97,'Pelin','pelin@alustudent.com','2025-02-15',16,'0W45pz4p','');
INSERT INTO api_enrollment VALUES(98,'Adeola Adeleke','Adelekes@gmail.com','2025-02-15',12,'<scrIpt>alert(1);</scRipt>','');
INSERT INTO api_enrollment VALUES(99,'Pelin','pelin@alustudent.com','2025-02-15',16,'<scrIpt>alert(1);</scRipt>','');
INSERT INTO api_enrollment VALUES(100,'Adeola Adeleke','Adelekes@gmail.com','2025-02-15',12,'zApPX1539sS','');
INSERT INTO api_enrollment VALUES(101,'Pelin','pelin@alustudent.com','2025-02-15',16,'zApPX1540sS','');
INSERT INTO api_enrollment VALUES(102,'Adeola Adeleke','Adelekes@gmail.com','2025-02-15',12,'''','');
INSERT INTO api_enrollment VALUES(103,'Adeola Adeleke','Adelekes@gmail.com','2025-02-15',12,'00004''','');
INSERT INTO api_enrollment VALUES(104,'Pelin','pelin@alustudent.com','2025-02-15',16,'''','');
INSERT INTO api_enrollment VALUES(105,'Adeola Adeleke','Adelekes@gmail.com','2025-02-15',12,'"','');
INSERT INTO api_enrollment VALUES(106,'Adeola Adeleke','Adelekes@gmail.com','2025-02-15',12,'00004"','');
INSERT INTO api_enrollment VALUES(107,'Pelin','pelin@alustudent.com','2025-02-15',16,'00003''','');
INSERT INTO api_enrollment VALUES(108,'Adeola Adeleke','Adelekes@gmail.com','2025-02-15',12,';','');
INSERT INTO api_enrollment VALUES(109,'Adeola Adeleke','Adelekes@gmail.com','2025-02-15',12,'00004;','');
INSERT INTO api_enrollment VALUES(110,'Pelin','pelin@alustudent.com','2025-02-15',16,'"','');
INSERT INTO api_enrollment VALUES(111,'Pelin','pelin@alustudent.com','2025-02-15',16,'00003"','');
INSERT INTO api_enrollment VALUES(112,'Pelin','pelin@alustudent.com','2025-02-15',16,';','');
INSERT INTO api_enrollment VALUES(113,'Adeola Adeleke','Adelekes@gmail.com','2025-02-15',12,'''(','');
INSERT INTO api_enrollment VALUES(114,'Adeola Adeleke','Adelekes@gmail.com','2025-02-15',12,'00004''(','');
INSERT INTO api_enrollment VALUES(115,'Pelin','pelin@alustudent.com','2025-02-15',16,'00003;','');
INSERT INTO api_enrollment VALUES(116,'Pelin','pelin@alustudent.com','2025-02-15',16,'''(','');
INSERT INTO api_enrollment VALUES(117,'Adeola Adeleke','Adelekes@gmail.com','2025-02-15',12,'6-2','');
INSERT INTO api_enrollment VALUES(118,'Pelin','pelin@alustudent.com','2025-02-15',16,'00003''(','');
INSERT INTO api_enrollment VALUES(119,'Adeola Adeleke','Adelekes@gmail.com','2025-02-15',12,'8/2','');
INSERT INTO api_enrollment VALUES(120,'Pelin','pelin@alustudent.com','2025-02-15',16,'5-2','');
INSERT INTO api_enrollment VALUES(121,'Pelin','pelin@alustudent.com','2025-02-15',16,'6/2','');
INSERT INTO api_enrollment VALUES(122,'Pelin','pelin@alustudent.com','2025-02-15',16,'00003 AND 1=1 --','');
INSERT INTO api_enrollment VALUES(123,'Pelin','pelin@alustudent.com','2025-02-15',16,'00003'' AND ''1''=''1'' --','');
INSERT INTO api_enrollment VALUES(124,'Pelin','pelin@alustudent.com','2025-02-15',16,'00003" AND "1"="1" --','');
INSERT INTO api_enrollment VALUES(125,'Pelin','pelin@alustudent.com','2025-02-15',16,'00003 AND 1=1','');
INSERT INTO api_enrollment VALUES(126,'Adeola Adeleke','Adelekes@gmail.com','2025-02-15',12,'00004 AND 1=1 --','');
INSERT INTO api_enrollment VALUES(127,'Adeola Adeleke','Adelekes@gmail.com','2025-02-15',12,'00004'' AND ''1''=''1'' --','');
INSERT INTO api_enrollment VALUES(128,'Adeola Adeleke','Adelekes@gmail.com','2025-02-15',12,'00004" AND "1"="1" --','');
INSERT INTO api_enrollment VALUES(129,'Adeola Adeleke','Adelekes@gmail.com','2025-02-15',12,'00004 AND 1=1','');
INSERT INTO api_enrollment VALUES(130,'Pelin','pelin@alustudent.com','2025-02-15',16,'00003'' AND ''1''=''1','');
INSERT INTO api_enrollment VALUES(131,'Pelin','pelin@alustudent.com','2025-02-15',16,'00003" AND "1"="1','');
INSERT INTO api_enrollment VALUES(132,'Adeola Adeleke','Adelekes@gmail.com','2025-02-15',12,'00004'' AND ''1''=''1','');
INSERT INTO api_enrollment VALUES(133,'Pelin','pelin@alustudent.com','2025-02-15',16,'00003 UNION ALL select NULL --','');
INSERT INTO api_enrollment VALUES(134,'Pelin','pelin@alustudent.com','2025-02-15',16,'00003'' UNION ALL select NULL --','');
INSERT INTO api_enrollment VALUES(135,'Pelin','pelin@alustudent.com','2025-02-15',16,'00003" UNION ALL select NULL --','');
INSERT INTO api_enrollment VALUES(136,'Adeola Adeleke','Adelekes@gmail.com','2025-02-15',12,'00004" AND "1"="1','');
INSERT INTO api_enrollment VALUES(137,'Pelin','pelin@alustudent.com','2025-02-15',16,'00003) UNION ALL select NULL --','');
INSERT INTO api_enrollment VALUES(138,'Adeola Adeleke','Adelekes@gmail.com','2025-02-15',12,'00004 UNION ALL select NULL --','');
INSERT INTO api_enrollment VALUES(139,'Adeola Adeleke','Adelekes@gmail.com','2025-02-15',12,'00004'' UNION ALL select NULL --','');
INSERT INTO api_enrollment VALUES(140,'Adeola Adeleke','Adelekes@gmail.com','2025-02-15',12,'00004" UNION ALL select NULL --','');
INSERT INTO api_enrollment VALUES(141,'Adeola Adeleke','Adelekes@gmail.com','2025-02-15',12,'00004) UNION ALL select NULL --','');
INSERT INTO api_enrollment VALUES(142,'Pelin','pelin@alustudent.com','2025-02-15',16,'00003'') UNION ALL select NULL --','');
INSERT INTO api_enrollment VALUES(143,'Adeola Adeleke','Adelekes@gmail.com','2025-02-15',12,'00004'') UNION ALL select NULL --','');
INSERT INTO api_enrollment VALUES(144,'Adeola Adeleke','Adelekes@gmail.com','2025-02-15',12,'00004 / sleep(15)','');
INSERT INTO api_enrollment VALUES(145,'Pelin','pelin@alustudent.com','2025-02-15',16,'00003 / sleep(15)','');
INSERT INTO api_enrollment VALUES(146,'Adeola Adeleke','Adelekes@gmail.com','2025-02-15',12,'00004'' / sleep(15) / ''','');
INSERT INTO api_enrollment VALUES(147,'Pelin','pelin@alustudent.com','2025-02-15',16,'00003'' / sleep(15) / ''','');
INSERT INTO api_enrollment VALUES(148,'Adeola Adeleke','Adelekes@gmail.com','2025-02-15',12,'00004" / sleep(15) / "','');
INSERT INTO api_enrollment VALUES(149,'Pelin','pelin@alustudent.com','2025-02-15',16,'00003" / sleep(15) / "','');
INSERT INTO api_enrollment VALUES(150,'Adeola Adeleke','Adelekes@gmail.com','2025-02-15',12,'00004 and 0 in (select sleep(15) ) --','');
INSERT INTO api_enrollment VALUES(151,'Pelin','pelin@alustudent.com','2025-02-15',16,'00003 and 0 in (select sleep(15) ) --','');
INSERT INTO api_enrollment VALUES(152,'Pelin','pelin@alustudent.com','2025-02-15',16,'00003'' and 0 in (select sleep(15) ) --','');
INSERT INTO api_enrollment VALUES(153,'Adeola Adeleke','Adelekes@gmail.com','2025-02-15',12,'00004'' and 0 in (select sleep(15) ) --','');
INSERT INTO api_enrollment VALUES(154,'Pelin','pelin@alustudent.com','2025-02-15',16,'00003" and 0 in (select sleep(15) ) --','');
INSERT INTO api_enrollment VALUES(155,'Pelin','pelin@alustudent.com','2025-02-15',16,'00003 where 0 in (select sleep(15) ) --','');
INSERT INTO api_enrollment VALUES(156,'Adeola Adeleke','Adelekes@gmail.com','2025-02-15',12,'00004" and 0 in (select sleep(15) ) --','');
INSERT INTO api_enrollment VALUES(157,'Pelin','pelin@alustudent.com','2025-02-15',16,'00003'' where 0 in (select sleep(15) ) --','');
INSERT INTO api_enrollment VALUES(158,'Adeola Adeleke','Adelekes@gmail.com','2025-02-15',12,'00004 where 0 in (select sleep(15) ) --','');
INSERT INTO api_enrollment VALUES(159,'Pelin','pelin@alustudent.com','2025-02-15',16,'00003" where 0 in (select sleep(15) ) --','');
INSERT INTO api_enrollment VALUES(160,'Adeola Adeleke','Adelekes@gmail.com','2025-02-15',12,'00004'' where 0 in (select sleep(15) ) --','');
INSERT INTO api_enrollment VALUES(161,'Pelin','pelin@alustudent.com','2025-02-15',16,'00003 or 0 in (select sleep(15) ) --','');
INSERT INTO api_enrollment VALUES(162,'Adeola Adeleke','Adelekes@gmail.com','2025-02-15',12,'00004" where 0 in (select sleep(15) ) --','');
INSERT INTO api_enrollment VALUES(163,'Adeola Adeleke','Adelekes@gmail.com','2025-02-15',12,'00004 or 0 in (select sleep(15) ) --','');
INSERT INTO api_enrollment VALUES(164,'Adeola Adeleke','Adelekes@gmail.com','2025-02-15',12,'"java.lang.Thread.sleep"(15000)','');
INSERT INTO api_enrollment VALUES(165,'Adeola Adeleke','Adelekes@gmail.com','2025-02-15',12,'00004 / "java.lang.Thread.sleep"(15000)','');
INSERT INTO api_enrollment VALUES(166,'Pelin','pelin@alustudent.com','2025-02-15',16,'"java.lang.Thread.sleep"(15000)','');
INSERT INTO api_enrollment VALUES(167,'Adeola Adeleke','Adelekes@gmail.com','2025-02-15',12,'00004'' / "java.lang.Thread.sleep"(15000) / ''','');
INSERT INTO api_enrollment VALUES(168,'Adeola Adeleke','Adelekes@gmail.com','2025-02-15',12,'00004" / "java.lang.Thread.sleep"(15000) / "','');
INSERT INTO api_enrollment VALUES(169,'Pelin','pelin@alustudent.com','2025-02-15',16,'00003 / "java.lang.Thread.sleep"(15000)','');
INSERT INTO api_enrollment VALUES(170,'Pelin','pelin@alustudent.com','2025-02-15',16,'00003'' / "java.lang.Thread.sleep"(15000) / ''','');
INSERT INTO api_enrollment VALUES(171,'Pelin','pelin@alustudent.com','2025-02-15',16,'00003" / "java.lang.Thread.sleep"(15000) / "','');
INSERT INTO api_enrollment VALUES(172,'Pelin','pelin@alustudent.com','2025-02-15',16,'00003 WAITFOR DELAY ''0:0:15'' --','');
INSERT INTO api_enrollment VALUES(173,'Adeola Adeleke','Adelekes@gmail.com','2025-02-15',12,'00004 WAITFOR DELAY ''0:0:15'' --','');
INSERT INTO api_enrollment VALUES(174,'Pelin','pelin@alustudent.com','2025-02-15',16,'00003'' WAITFOR DELAY ''0:0:15'' --','');
INSERT INTO api_enrollment VALUES(175,'Adeola Adeleke','Adelekes@gmail.com','2025-02-15',12,'00004'' WAITFOR DELAY ''0:0:15'' --','');
INSERT INTO api_enrollment VALUES(176,'Pelin','pelin@alustudent.com','2025-02-15',16,'00003" WAITFOR DELAY ''0:0:15'' --','');
INSERT INTO api_enrollment VALUES(177,'Adeola Adeleke','Adelekes@gmail.com','2025-02-15',12,'00004" WAITFOR DELAY ''0:0:15'' --','');
INSERT INTO api_enrollment VALUES(178,'Pelin','pelin@alustudent.com','2025-02-15',16,'00003) WAITFOR DELAY ''0:0:15'' --','');
INSERT INTO api_enrollment VALUES(179,'Adeola Adeleke','Adelekes@gmail.com','2025-02-15',12,'00004) WAITFOR DELAY ''0:0:15'' --','');
INSERT INTO api_enrollment VALUES(180,'Adeola Adeleke','Adelekes@gmail.com','2025-02-15',12,'00004) '' WAITFOR DELAY ''0:0:15'' --','');
INSERT INTO api_enrollment VALUES(181,'Pelin','pelin@alustudent.com','2025-02-15',16,'00003) '' WAITFOR DELAY ''0:0:15'' --','');
INSERT INTO api_enrollment VALUES(182,'Adeola Adeleke','Adelekes@gmail.com','2025-02-15',12,'00004) " WAITFOR DELAY ''0:0:15'' --','');
INSERT INTO api_enrollment VALUES(183,'Adeola Adeleke','Adelekes@gmail.com','2025-02-15',12,'00004)) WAITFOR DELAY ''0:0:15'' --','');
INSERT INTO api_enrollment VALUES(184,'Pelin','pelin@alustudent.com','2025-02-15',16,'00003) " WAITFOR DELAY ''0:0:15'' --','');
INSERT INTO api_enrollment VALUES(185,'Adeola Adeleke','Adelekes@gmail.com','2025-02-15',12,'00004)) '' WAITFOR DELAY ''0:0:15'' --','');
INSERT INTO api_enrollment VALUES(186,'Pelin','pelin@alustudent.com','2025-02-15',16,'00003)) WAITFOR DELAY ''0:0:15'' --','');
INSERT INTO api_enrollment VALUES(187,'Adeola Adeleke','Adelekes@gmail.com','2025-02-15',12,'00004)) " WAITFOR DELAY ''0:0:15'' --','');
INSERT INTO api_enrollment VALUES(188,'Adeola Adeleke','Adelekes@gmail.com','2025-02-15',12,'00004) WAITFOR DELAY ''0:0:15'' (','');
INSERT INTO api_enrollment VALUES(189,'Pelin','pelin@alustudent.com','2025-02-15',16,'00003)) '' WAITFOR DELAY ''0:0:15'' --','');
INSERT INTO api_enrollment VALUES(190,'Pelin','pelin@alustudent.com','2025-02-15',16,'00003)) " WAITFOR DELAY ''0:0:15'' --','');
INSERT INTO api_enrollment VALUES(191,'Pelin','pelin@alustudent.com','2025-02-15',16,'00003) WAITFOR DELAY ''0:0:15'' (','');
INSERT INTO api_enrollment VALUES(192,'Adeola Adeleke','Adelekes@gmail.com','2025-02-15',12,'"+response.write(488,128*215,761)+"','');
INSERT INTO api_enrollment VALUES(193,'Pelin','pelin@alustudent.com','2025-02-15',16,'"+response.write(542,204*175,589)+"','');
INSERT INTO api_enrollment VALUES(194,'Pelin','pelin@alustudent.com','2025-02-15',16,'+response.write({0}*{1})+','');
INSERT INTO api_enrollment VALUES(195,'Pelin','pelin@alustudent.com','2025-02-15',16,'response.write(542,204*175,589)','');
INSERT INTO api_enrollment VALUES(196,'Adeola Adeleke','Adelekes@gmail.com','2025-02-15',12,'+response.write({0}*{1})+','');
INSERT INTO api_enrollment VALUES(197,'Adeola Adeleke','Adelekes@gmail.com','2025-02-15',12,'response.write(488,128*215,761)','');
INSERT INTO api_enrollment VALUES(198,'Pelin','pelin@alustudent.com','2025-02-15',16,'cat /etc/passwd','');
INSERT INTO api_enrollment VALUES(199,'Pelin','pelin@alustudent.com','2025-02-15',16,'00003&cat /etc/passwd&','');
INSERT INTO api_enrollment VALUES(200,'Adeola Adeleke','Adelekes@gmail.com','2025-02-15',12,'cat /etc/passwd','');
INSERT INTO api_enrollment VALUES(201,'Pelin','pelin@alustudent.com','2025-02-15',16,'00003;cat /etc/passwd;','');
INSERT INTO api_enrollment VALUES(202,'Pelin','pelin@alustudent.com','2025-02-15',16,'00003"&cat /etc/passwd&"','');
INSERT INTO api_enrollment VALUES(203,'Adeola Adeleke','Adelekes@gmail.com','2025-02-15',12,'00004&cat /etc/passwd&','');
INSERT INTO api_enrollment VALUES(204,'Pelin','pelin@alustudent.com','2025-02-15',16,'00003";cat /etc/passwd;"','');
INSERT INTO api_enrollment VALUES(205,'Adeola Adeleke','Adelekes@gmail.com','2025-02-15',12,'00004;cat /etc/passwd;','');
INSERT INTO api_enrollment VALUES(206,'Pelin','pelin@alustudent.com','2025-02-15',16,'00003''&cat /etc/passwd&''','');
INSERT INTO api_enrollment VALUES(207,'Adeola Adeleke','Adelekes@gmail.com','2025-02-15',12,'00004"&cat /etc/passwd&"','');
INSERT INTO api_enrollment VALUES(208,'Pelin','pelin@alustudent.com','2025-02-15',16,'00003'';cat /etc/passwd;''','');
INSERT INTO api_enrollment VALUES(209,'Adeola Adeleke','Adelekes@gmail.com','2025-02-15',12,'00004";cat /etc/passwd;"','');
INSERT INTO api_enrollment VALUES(210,'Adeola Adeleke','Adelekes@gmail.com','2025-02-15',12,'00004''&cat /etc/passwd&''','');
INSERT INTO api_enrollment VALUES(211,'Pelin','pelin@alustudent.com','2025-02-15',16,'00003&sleep 15.0&','');
INSERT INTO api_enrollment VALUES(212,'Adeola Adeleke','Adelekes@gmail.com','2025-02-15',12,'00004'';cat /etc/passwd;''','');
INSERT INTO api_enrollment VALUES(213,'Pelin','pelin@alustudent.com','2025-02-15',16,'00003;sleep 15.0;','');
INSERT INTO api_enrollment VALUES(214,'Adeola Adeleke','Adelekes@gmail.com','2025-02-15',12,'00004&sleep 15.0&','');
INSERT INTO api_enrollment VALUES(215,'Pelin','pelin@alustudent.com','2025-02-15',16,'00003"&sleep 15.0&"','');
INSERT INTO api_enrollment VALUES(216,'Adeola Adeleke','Adelekes@gmail.com','2025-02-15',12,'00004;sleep 15.0;','');
INSERT INTO api_enrollment VALUES(217,'Pelin','pelin@alustudent.com','2025-02-15',16,'00003";sleep 15.0;"','');
INSERT INTO api_enrollment VALUES(218,'Adeola Adeleke','Adelekes@gmail.com','2025-02-15',12,'00004"&sleep 15.0&"','');
INSERT INTO api_enrollment VALUES(219,'Adeola Adeleke','Adelekes@gmail.com','2025-02-15',12,'00004";sleep 15.0;"','');
INSERT INTO api_enrollment VALUES(220,'Pelin','pelin@alustudent.com','2025-02-15',16,'00003''&sleep 15.0&''','');
INSERT INTO api_enrollment VALUES(221,'Adeola Adeleke','Adelekes@gmail.com','2025-02-15',12,'00004''&sleep 15.0&''','');
INSERT INTO api_enrollment VALUES(222,'Pelin','pelin@alustudent.com','2025-02-15',16,'00003'';sleep 15.0;''','');
INSERT INTO api_enrollment VALUES(223,'Adeola Adeleke','Adelekes@gmail.com','2025-02-15',12,'00004'';sleep 15.0;''','');
INSERT INTO api_enrollment VALUES(224,'Pelin','pelin@alustudent.com','2025-02-15',16,'type %SYSTEMROOT%\win.ini','');
INSERT INTO api_enrollment VALUES(225,'Adeola Adeleke','Adelekes@gmail.com','2025-02-15',12,'type %SYSTEMROOT%\win.ini','');
INSERT INTO api_enrollment VALUES(226,'Pelin','pelin@alustudent.com','2025-02-15',16,'00003&type %SYSTEMROOT%\win.ini','');
INSERT INTO api_enrollment VALUES(227,'Adeola Adeleke','Adelekes@gmail.com','2025-02-15',12,'00004&type %SYSTEMROOT%\win.ini','');
INSERT INTO api_enrollment VALUES(228,'Pelin','pelin@alustudent.com','2025-02-15',16,'00003|type %SYSTEMROOT%\win.ini','');
INSERT INTO api_enrollment VALUES(229,'Adeola Adeleke','Adelekes@gmail.com','2025-02-15',12,'00004|type %SYSTEMROOT%\win.ini','');
INSERT INTO api_enrollment VALUES(230,'Pelin','pelin@alustudent.com','2025-02-15',16,'00003"&type %SYSTEMROOT%\win.ini&"','');
INSERT INTO api_enrollment VALUES(231,'Adeola Adeleke','Adelekes@gmail.com','2025-02-15',12,'00004"&type %SYSTEMROOT%\win.ini&"','');
INSERT INTO api_enrollment VALUES(232,'Pelin','pelin@alustudent.com','2025-02-15',16,'00003"|type %SYSTEMROOT%\win.ini','');
INSERT INTO api_enrollment VALUES(233,'Pelin','pelin@alustudent.com','2025-02-15',16,'00003''&type %SYSTEMROOT%\win.ini&''','');
INSERT INTO api_enrollment VALUES(234,'Pelin','pelin@alustudent.com','2025-02-15',16,'00003''|type %SYSTEMROOT%\win.ini','');
INSERT INTO api_enrollment VALUES(235,'Adeola Adeleke','Adelekes@gmail.com','2025-02-15',12,'00004"|type %SYSTEMROOT%\win.ini','');
INSERT INTO api_enrollment VALUES(236,'Pelin','pelin@alustudent.com','2025-02-15',16,'00003&timeout /T 15.0','');
INSERT INTO api_enrollment VALUES(237,'Pelin','pelin@alustudent.com','2025-02-15',16,'00003|timeout /T 15.0','');
INSERT INTO api_enrollment VALUES(238,'Adeola Adeleke','Adelekes@gmail.com','2025-02-15',12,'00004''&type %SYSTEMROOT%\win.ini&''','');
INSERT INTO api_enrollment VALUES(239,'Pelin','pelin@alustudent.com','2025-02-15',16,'00003"&timeout /T 15.0&"','');
INSERT INTO api_enrollment VALUES(240,'Pelin','pelin@alustudent.com','2025-02-15',16,'00003"|timeout /T 15.0','');
INSERT INTO api_enrollment VALUES(241,'Pelin','pelin@alustudent.com','2025-02-15',16,'00003''&timeout /T 15.0&''','');
INSERT INTO api_enrollment VALUES(242,'Adeola Adeleke','Adelekes@gmail.com','2025-02-15',12,'00004''|type %SYSTEMROOT%\win.ini','');
INSERT INTO api_enrollment VALUES(243,'Pelin','pelin@alustudent.com','2025-02-15',16,'00003''|timeout /T 15.0','');
INSERT INTO api_enrollment VALUES(244,'Adeola Adeleke','Adelekes@gmail.com','2025-02-15',12,'00004&timeout /T 15.0','');
INSERT INTO api_enrollment VALUES(245,'Pelin','pelin@alustudent.com','2025-02-15',16,'get-help','');
INSERT INTO api_enrollment VALUES(246,'Pelin','pelin@alustudent.com','2025-02-15',16,'00003;get-help','');
INSERT INTO api_enrollment VALUES(247,'Adeola Adeleke','Adelekes@gmail.com','2025-02-15',12,'00004|timeout /T 15.0','');
INSERT INTO api_enrollment VALUES(248,'Pelin','pelin@alustudent.com','2025-02-15',16,'00003";get-help','');
INSERT INTO api_enrollment VALUES(249,'Adeola Adeleke','Adelekes@gmail.com','2025-02-15',12,'00004"&timeout /T 15.0&"','');
INSERT INTO api_enrollment VALUES(250,'Pelin','pelin@alustudent.com','2025-02-15',16,'00003'';get-help','');
INSERT INTO api_enrollment VALUES(251,'Adeola Adeleke','Adelekes@gmail.com','2025-02-15',12,'00004"|timeout /T 15.0','');
INSERT INTO api_enrollment VALUES(252,'Pelin','pelin@alustudent.com','2025-02-15',16,'00003;get-help #','');
INSERT INTO api_enrollment VALUES(253,'Adeola Adeleke','Adelekes@gmail.com','2025-02-15',12,'00004''&timeout /T 15.0&''','');
INSERT INTO api_enrollment VALUES(254,'Pelin','pelin@alustudent.com','2025-02-15',16,'00003;start-sleep -s 15.0','');
INSERT INTO api_enrollment VALUES(255,'Adeola Adeleke','Adelekes@gmail.com','2025-02-15',12,'00004''|timeout /T 15.0','');
INSERT INTO api_enrollment VALUES(256,'Pelin','pelin@alustudent.com','2025-02-15',16,'00003";start-sleep -s 15.0','');
INSERT INTO api_enrollment VALUES(257,'Pelin','pelin@alustudent.com','2025-02-15',16,'00003'';start-sleep -s 15.0','');
INSERT INTO api_enrollment VALUES(258,'Adeola Adeleke','Adelekes@gmail.com','2025-02-15',12,'get-help','');
INSERT INTO api_enrollment VALUES(259,'Pelin','pelin@alustudent.com','2025-02-15',16,'00003;start-sleep -s 15.0 #','');
INSERT INTO api_enrollment VALUES(260,'Adeola Adeleke','Adelekes@gmail.com','2025-02-15',12,'00004;get-help','');
INSERT INTO api_enrollment VALUES(261,'Adeola Adeleke','Adelekes@gmail.com','2025-02-15',12,'00004";get-help','');
INSERT INTO api_enrollment VALUES(262,'Adeola Adeleke','Adelekes@gmail.com','2025-02-15',12,'00004'';get-help','');
INSERT INTO api_enrollment VALUES(263,'Adeola Adeleke','Adelekes@gmail.com','2025-02-15',12,'00004;get-help #','');
INSERT INTO api_enrollment VALUES(264,'Adeola Adeleke','Adelekes@gmail.com','2025-02-15',12,'00004;start-sleep -s 15.0','');
INSERT INTO api_enrollment VALUES(265,'Adeola Adeleke','Adelekes@gmail.com','2025-02-15',12,'00004";start-sleep -s 15.0','');
INSERT INTO api_enrollment VALUES(266,'Adeola Adeleke','Adelekes@gmail.com','2025-02-15',12,'00004'';start-sleep -s 15.0','');
INSERT INTO api_enrollment VALUES(267,'Adeola Adeleke','Adelekes@gmail.com','2025-02-15',12,'00004;start-sleep -s 15.0 #','');
INSERT INTO api_enrollment VALUES(268,'Adeola Adeleke','Adelekes@gmail.com','2025-02-15',12,'"''','');
INSERT INTO api_enrollment VALUES(269,'Adeola Adeleke','Adelekes@gmail.com','2025-02-15',12,'<!--','');
INSERT INTO api_enrollment VALUES(270,'Pelin','pelin@alustudent.com','2025-02-15',16,'"''','');
INSERT INTO api_enrollment VALUES(271,'Adeola Adeleke','Adelekes@gmail.com','2025-02-15',12,']]>','');
INSERT INTO api_enrollment VALUES(272,'Pelin','pelin@alustudent.com','2025-02-15',16,'<!--','');
INSERT INTO api_enrollment VALUES(273,'Pelin','pelin@alustudent.com','2025-02-15',16,']]>','');
INSERT INTO api_enrollment VALUES(274,'Pelin','pelin@alustudent.com','2025-02-15',16,'zj 1611*6554 zj','');
INSERT INTO api_enrollment VALUES(275,'Adeola Adeleke','Adelekes@gmail.com','2025-02-15',12,'zj 6349*6915 zj','');
INSERT INTO api_enrollment VALUES(276,'Pelin','pelin@alustudent.com','2025-02-15',16,'zj{2235*2053}zj','');
INSERT INTO api_enrollment VALUES(277,'Adeola Adeleke','Adelekes@gmail.com','2025-02-15',12,'zj{5997*1706}zj','');
INSERT INTO api_enrollment VALUES(278,'Pelin','pelin@alustudent.com','2025-02-15',16,'zj${2114*8382}zj','');
INSERT INTO api_enrollment VALUES(279,'Adeola Adeleke','Adelekes@gmail.com','2025-02-15',12,'zj${4007*2299}zj','');
INSERT INTO api_enrollment VALUES(280,'Pelin','pelin@alustudent.com','2025-02-15',16,'zj#{7795*3062}zj','');
INSERT INTO api_enrollment VALUES(281,'Pelin','pelin@alustudent.com','2025-02-15',16,'zj{#4106*5747}zj','');
INSERT INTO api_enrollment VALUES(282,'Adeola Adeleke','Adelekes@gmail.com','2025-02-15',12,'zj#{6820*9872}zj','');
INSERT INTO api_enrollment VALUES(283,'Pelin','pelin@alustudent.com','2025-02-15',16,'zj{@4296*5411}zj','');
INSERT INTO api_enrollment VALUES(284,'Pelin','pelin@alustudent.com','2025-02-15',16,'zj{{4167*1561}}zj','');
INSERT INTO api_enrollment VALUES(285,'Pelin','pelin@alustudent.com','2025-02-15',16,'zj{{=5515*7559}}zj','');
INSERT INTO api_enrollment VALUES(286,'Adeola Adeleke','Adelekes@gmail.com','2025-02-15',12,'zj{#3753*9577}zj','');
INSERT INTO api_enrollment VALUES(287,'Pelin','pelin@alustudent.com','2025-02-15',16,'zj<%=5049*7342%>zj','');
INSERT INTO api_enrollment VALUES(288,'Pelin','pelin@alustudent.com','2025-02-15',16,'zj#set($x=6199*5343)${x}zj','');
INSERT INTO api_enrollment VALUES(289,'Pelin','pelin@alustudent.com','2025-02-15',16,'zj<p th:text="${7723*8169}"></p>zj','');
INSERT INTO api_enrollment VALUES(290,'Adeola Adeleke','Adelekes@gmail.com','2025-02-15',12,'zj{@5417*9498}zj','');
INSERT INTO api_enrollment VALUES(291,'Pelin','pelin@alustudent.com','2025-02-15',16,'zj{{73060|add:73960}}zj','');
INSERT INTO api_enrollment VALUES(292,'Adeola Adeleke','Adelekes@gmail.com','2025-02-15',12,'zj{{1499*2362}}zj','');
INSERT INTO api_enrollment VALUES(293,'Adeola Adeleke','Adelekes@gmail.com','2025-02-15',12,'zj{{=5827*5655}}zj','');
INSERT INTO api_enrollment VALUES(294,'Pelin','pelin@alustudent.com','2025-02-15',16,'zj{{print "7524" "3352"}}zj','');
INSERT INTO api_enrollment VALUES(295,'Adeola Adeleke','Adelekes@gmail.com','2025-02-15',12,'zj<%=6745*2534%>zj','');
INSERT INTO api_enrollment VALUES(296,'Adeola Adeleke','Adelekes@gmail.com','2025-02-15',12,'zj#set($x=6230*8517)${x}zj','');
INSERT INTO api_enrollment VALUES(297,'Adeola Adeleke','Adelekes@gmail.com','2025-02-15',12,'zj<p th:text="${1627*4737}"></p>zj','');
INSERT INTO api_enrollment VALUES(298,'Adeola Adeleke','Adelekes@gmail.com','2025-02-15',12,'zj{{74890|add:85380}}zj','');
INSERT INTO api_enrollment VALUES(299,'Adeola Adeleke','Adelekes@gmail.com','2025-02-15',12,'zj{{print "7753" "9559"}}zj','');
INSERT INTO api_enrollment VALUES(300,'Pelin','pelin@alustudent.com','2025-02-15',16,'<%=%x(sleep 15)%>','');
INSERT INTO api_enrollment VALUES(301,'Adeola Adeleke','Adelekes@gmail.com','2025-02-15',12,'<%=%x(sleep 15)%>','');
INSERT INTO api_enrollment VALUES(302,'Adeola Adeleke','Adelekes@gmail.com','2025-02-15',12,'#{%x(sleep 15)}','');
INSERT INTO api_enrollment VALUES(303,'Adeola Adeleke','Adelekes@gmail.com','2025-02-15',12,'{system("sleep 15")}','');
INSERT INTO api_enrollment VALUES(304,'Pelin','pelin@alustudent.com','2025-02-15',16,'#{%x(sleep 15)}','');
INSERT INTO api_enrollment VALUES(305,'Pelin','pelin@alustudent.com','2025-02-15',16,'{system("sleep 15")}','');
INSERT INTO api_enrollment VALUES(306,'Adeola Adeleke','Adelekes@gmail.com','2025-02-15',12,'ZAP','');
INSERT INTO api_enrollment VALUES(307,'Pelin','pelin@alustudent.com','2025-02-15',16,'ZAP','');
INSERT INTO api_enrollment VALUES(308,'Adeola Adeleke','Adelekes@gmail.com','2025-02-15',12,'<','');
INSERT INTO api_enrollment VALUES(309,'Pelin','pelin@alustudent.com','2025-02-15',16,'<','');
INSERT INTO api_enrollment VALUES(310,'Adeola Adeleke','Adelekes@gmail.com','2025-02-15',12,'system-property(''xsl:vendor'')/>','');
INSERT INTO api_enrollment VALUES(311,'Pelin','pelin@alustudent.com','2025-02-15',16,'system-property(''xsl:vendor'')/>','');
INSERT INTO api_enrollment VALUES(312,'Pelin','pelin@alustudent.com','2025-02-15',12,'000059','');
INSERT INTO api_enrollment VALUES(313,'Pelin','pelin@alustudent.com','2025-02-15',11,'000059','');
INSERT INTO api_enrollment VALUES(314,'Pelin','pelin@alustudent.com','2025-02-15',11,'c:/Windows/system.ini','');
INSERT INTO api_enrollment VALUES(315,'Pelin','pelin@alustudent.com','2025-02-15',11,'c:\Windows\system.ini','');
INSERT INTO api_enrollment VALUES(316,'Pelin','pelin@alustudent.com','2025-02-15',11,'/etc/passwd','');
INSERT INTO api_enrollment VALUES(317,'Pelin','pelin@alustudent.com','2025-02-15',11,'/','');
INSERT INTO api_enrollment VALUES(318,'Pelin','pelin@alustudent.com','2025-02-15',11,'../../../../../../../../../../../../../../../../','');
INSERT INTO api_enrollment VALUES(319,'Pelin','pelin@alustudent.com','2025-02-15',11,'c:/','');
INSERT INTO api_enrollment VALUES(320,'Pelin','pelin@alustudent.com','2025-02-15',11,'c:\','');
INSERT INTO api_enrollment VALUES(321,'Pelin','pelin@alustudent.com','2025-02-15',11,'WEB-INF/web.xml','');
INSERT INTO api_enrollment VALUES(322,'Pelin','pelin@alustudent.com','2025-02-15',11,'WEB-INF\web.xml','');
INSERT INTO api_enrollment VALUES(323,'Pelin','pelin@alustudent.com','2025-02-15',11,'/WEB-INF/web.xml','');
INSERT INTO api_enrollment VALUES(324,'Pelin','pelin@alustudent.com','2025-02-15',11,'\WEB-INF\web.xml','');
INSERT INTO api_enrollment VALUES(325,'Pelin','pelin@alustudent.com','2025-02-15',11,'thishouldnotexistandhopefullyitwillnot','');
INSERT INTO api_enrollment VALUES(326,'Pelin','pelin@alustudent.com','2025-02-15',11,'http://www.google.com/','');
INSERT INTO api_enrollment VALUES(327,'Pelin','pelin@alustudent.com','2025-02-15',11,'http://www.google.com:80/','');
INSERT INTO api_enrollment VALUES(328,'Pelin','pelin@alustudent.com','2025-02-15',11,'http://www.google.com','');
INSERT INTO api_enrollment VALUES(329,'Pelin','pelin@alustudent.com','2025-02-15',11,'http://www.google.com/search?q=ZAP','');
INSERT INTO api_enrollment VALUES(330,'Pelin','pelin@alustudent.com','2025-02-15',11,'http://www.google.com:80/search?q=ZAP','');
INSERT INTO api_enrollment VALUES(331,'Pelin','pelin@alustudent.com','2025-02-15',11,'www.google.com/','');
INSERT INTO api_enrollment VALUES(332,'Pelin','pelin@alustudent.com','2025-02-15',11,'www.google.com:80/','');
INSERT INTO api_enrollment VALUES(333,'Pelin','pelin@alustudent.com','2025-02-15',11,'www.google.com','');
INSERT INTO api_enrollment VALUES(334,'Pelin','pelin@alustudent.com','2025-02-15',11,'www.google.com/search?q=ZAP','');
INSERT INTO api_enrollment VALUES(335,'Pelin','pelin@alustudent.com','2025-02-15',11,'www.google.com:80/search?q=ZAP','');
INSERT INTO api_enrollment VALUES(336,'Pelin','pelin@alustudent.com','2025-02-15',12,'1084241782566437126.owasp.org','');
INSERT INTO api_enrollment VALUES(337,'Pelin','pelin@alustudent.com','2025-02-15',11,'1084241782566437126.owasp.org','');
INSERT INTO api_enrollment VALUES(338,'Pelin','pelin@alustudent.com','2025-02-15',12,'http://1084241782566437126.owasp.org','');
INSERT INTO api_enrollment VALUES(339,'Pelin','pelin@alustudent.com','2025-02-15',11,'http://1084241782566437126.owasp.org','');
INSERT INTO api_enrollment VALUES(340,'Pelin','pelin@alustudent.com','2025-02-15',12,'https://1084241782566437126.owasp.org','');
INSERT INTO api_enrollment VALUES(341,'Pelin','pelin@alustudent.com','2025-02-15',11,'https://1084241782566437126.owasp.org','');
INSERT INTO api_enrollment VALUES(342,'Pelin','pelin@alustudent.com','2025-02-15',11,'https://1084241782566437126%2eowasp%2eorg','');
INSERT INTO api_enrollment VALUES(343,'Pelin','pelin@alustudent.com','2025-02-15',12,'https://1084241782566437126%2eowasp%2eorg','');
INSERT INTO api_enrollment VALUES(344,'Pelin','pelin@alustudent.com','2025-02-15',11,'5;URL=''https://1084241782566437126.owasp.org''','');
INSERT INTO api_enrollment VALUES(345,'Pelin','pelin@alustudent.com','2025-02-15',11,'URL=''http://1084241782566437126.owasp.org''','');
INSERT INTO api_enrollment VALUES(346,'Pelin','pelin@alustudent.com','2025-02-15',12,'5;URL=''https://1084241782566437126.owasp.org''','');
INSERT INTO api_enrollment VALUES(347,'Pelin','pelin@alustudent.com','2025-02-15',12,'URL=''http://1084241782566437126.owasp.org''','');
INSERT INTO api_enrollment VALUES(348,'Pelin','pelin@alustudent.com','2025-02-15',11,'http://\1084241782566437126.owasp.org','');
INSERT INTO api_enrollment VALUES(349,'Pelin','pelin@alustudent.com','2025-02-15',12,'http://\1084241782566437126.owasp.org','');
INSERT INTO api_enrollment VALUES(350,'Pelin','pelin@alustudent.com','2025-02-15',11,'https://\1084241782566437126.owasp.org','');
INSERT INTO api_enrollment VALUES(351,'Pelin','pelin@alustudent.com','2025-02-15',12,'https://\1084241782566437126.owasp.org','');
INSERT INTO api_enrollment VALUES(352,'Pelin','pelin@alustudent.com','2025-02-15',12,'//1084241782566437126.owasp.org','');
INSERT INTO api_enrollment VALUES(353,'Pelin','pelin@alustudent.com','2025-02-15',11,'//1084241782566437126.owasp.org','');
INSERT INTO api_enrollment VALUES(354,'Pelin','pelin@alustudent.com','2025-02-15',11,'<!--#EXEC cmd="ls /"-->','');
INSERT INTO api_enrollment VALUES(355,'Pelin','pelin@alustudent.com','2025-02-15',11,'"><!--#EXEC cmd="ls /"--><','');
INSERT INTO api_enrollment VALUES(356,'Pelin','pelin@alustudent.com','2025-02-15',11,'<!--#EXEC cmd="dir \"-->','');
INSERT INTO api_enrollment VALUES(357,'Pelin','pelin@alustudent.com','2025-02-15',11,'"><!--#EXEC cmd="dir \"--><','');
INSERT INTO api_enrollment VALUES(358,'Pelin','pelin@alustudent.com','2025-02-15',12,'0000590W45pz4p','');
INSERT INTO api_enrollment VALUES(359,'Pelin','pelin@alustudent.com','2025-02-15',11,'0W45pz4p','');
INSERT INTO api_enrollment VALUES(360,'Pelin','pelin@alustudent.com','2025-02-15',12,'<img src=x onerror=prompt()>','');
INSERT INTO api_enrollment VALUES(361,'Pelin','pelin@alustudent.com','2025-02-15',11,'<scrIpt>alert(1);</scRipt>','');
INSERT INTO api_enrollment VALUES(362,'Pelin','pelin@alustudent.com','2025-02-15',11,'zApPX5sS','');
INSERT INTO api_enrollment VALUES(363,'Pelin','pelin@alustudent.com','2025-02-15',12,'zApPX3sS','');
INSERT INTO api_enrollment VALUES(364,'Pelin','pelin@alustudent.com','2025-02-15',11,'''','');
INSERT INTO api_enrollment VALUES(365,'Pelin','pelin@alustudent.com','2025-02-15',12,'000059''','');
INSERT INTO api_enrollment VALUES(366,'Pelin','pelin@alustudent.com','2025-02-15',11,'000059''','');
INSERT INTO api_enrollment VALUES(367,'Pelin','pelin@alustudent.com','2025-02-15',11,'"','');
INSERT INTO api_enrollment VALUES(368,'Pelin','pelin@alustudent.com','2025-02-15',12,'000059"','');
INSERT INTO api_enrollment VALUES(369,'Pelin','pelin@alustudent.com','2025-02-15',11,'000059"','');
INSERT INTO api_enrollment VALUES(370,'Pelin','pelin@alustudent.com','2025-02-15',12,'000059;','');
INSERT INTO api_enrollment VALUES(371,'Pelin','pelin@alustudent.com','2025-02-15',12,'000059''(','');
INSERT INTO api_enrollment VALUES(372,'Pelin','pelin@alustudent.com','2025-02-15',11,';','');
INSERT INTO api_enrollment VALUES(373,'Pelin','pelin@alustudent.com','2025-02-15',11,'000059;','');
INSERT INTO api_enrollment VALUES(374,'Pelin','pelin@alustudent.com','2025-02-15',12,'61-2','');
INSERT INTO api_enrollment VALUES(375,'Pelin','pelin@alustudent.com','2025-02-15',11,'''(','');
INSERT INTO api_enrollment VALUES(376,'Pelin','pelin@alustudent.com','2025-02-15',12,'118/2','');
INSERT INTO api_enrollment VALUES(377,'Pelin','pelin@alustudent.com','2025-02-15',11,'000059''(','');
INSERT INTO api_enrollment VALUES(378,'Pelin','pelin@alustudent.com','2025-02-15',11,'61-2','');
INSERT INTO api_enrollment VALUES(379,'Pelin','pelin@alustudent.com','2025-02-15',11,'118/2','');
INSERT INTO api_enrollment VALUES(380,'Pelin','pelin@alustudent.com','2025-02-15',12,'000059 AND 1=1 --','');
INSERT INTO api_enrollment VALUES(381,'Pelin','pelin@alustudent.com','2025-02-15',11,'000059 AND 1=1 --','');
INSERT INTO api_enrollment VALUES(382,'Pelin','pelin@alustudent.com','2025-02-15',11,'000059'' AND ''1''=''1'' --','');
INSERT INTO api_enrollment VALUES(383,'Pelin','pelin@alustudent.com','2025-02-15',11,'000059" AND "1"="1" --','');
INSERT INTO api_enrollment VALUES(384,'Pelin','pelin@alustudent.com','2025-02-15',11,'000059 AND 1=1','');
INSERT INTO api_enrollment VALUES(385,'Pelin','pelin@alustudent.com','2025-02-15',11,'000059'' AND ''1''=''1','');
INSERT INTO api_enrollment VALUES(386,'Pelin','pelin@alustudent.com','2025-02-15',12,'000059'' AND ''1''=''1'' --','');
INSERT INTO api_enrollment VALUES(387,'Pelin','pelin@alustudent.com','2025-02-15',12,'000059" AND "1"="1" --','');
INSERT INTO api_enrollment VALUES(388,'Pelin','pelin@alustudent.com','2025-02-15',11,'000059" AND "1"="1','');
INSERT INTO api_enrollment VALUES(389,'Pelin','pelin@alustudent.com','2025-02-15',11,'000059 UNION ALL select NULL --','');
INSERT INTO api_enrollment VALUES(390,'Pelin','pelin@alustudent.com','2025-02-15',12,'000059 AND 1=1','');
INSERT INTO api_enrollment VALUES(391,'Pelin','pelin@alustudent.com','2025-02-15',12,'000059'' AND ''1''=''1','');
INSERT INTO api_enrollment VALUES(392,'Pelin','pelin@alustudent.com','2025-02-15',12,'000059" AND "1"="1','');
INSERT INTO api_enrollment VALUES(393,'Pelin','pelin@alustudent.com','2025-02-15',12,'000059 UNION ALL select NULL --','');
INSERT INTO api_enrollment VALUES(394,'Pelin','pelin@alustudent.com','2025-02-15',11,'000059'' UNION ALL select NULL --','');
INSERT INTO api_enrollment VALUES(395,'Pelin','pelin@alustudent.com','2025-02-15',12,'000059'' UNION ALL select NULL --','');
INSERT INTO api_enrollment VALUES(396,'Pelin','pelin@alustudent.com','2025-02-15',11,'000059" UNION ALL select NULL --','');
INSERT INTO api_enrollment VALUES(397,'Pelin','pelin@alustudent.com','2025-02-15',12,'000059" UNION ALL select NULL --','');
INSERT INTO api_enrollment VALUES(398,'Pelin','pelin@alustudent.com','2025-02-15',11,'000059) UNION ALL select NULL --','');
INSERT INTO api_enrollment VALUES(399,'Pelin','pelin@alustudent.com','2025-02-15',12,'000059) UNION ALL select NULL --','');
INSERT INTO api_enrollment VALUES(400,'Pelin','pelin@alustudent.com','2025-02-15',11,'000059'') UNION ALL select NULL --','');
INSERT INTO api_enrollment VALUES(401,'Pelin','pelin@alustudent.com','2025-02-15',12,'000059'') UNION ALL select NULL --','');
INSERT INTO api_enrollment VALUES(402,'Pelin','pelin@alustudent.com','2025-02-15',12,'000059 / sleep(15)','');
INSERT INTO api_enrollment VALUES(403,'Pelin','pelin@alustudent.com','2025-02-15',11,'000059 / sleep(15)','');
INSERT INTO api_enrollment VALUES(404,'Pelin','pelin@alustudent.com','2025-02-15',12,'000059'' / sleep(15) / ''','');
INSERT INTO api_enrollment VALUES(405,'Pelin','pelin@alustudent.com','2025-02-15',11,'000059'' / sleep(15) / ''','');
INSERT INTO api_enrollment VALUES(406,'Pelin','pelin@alustudent.com','2025-02-15',12,'000059" / sleep(15) / "','');
INSERT INTO api_enrollment VALUES(407,'Pelin','pelin@alustudent.com','2025-02-15',11,'000059" / sleep(15) / "','');
INSERT INTO api_enrollment VALUES(408,'Pelin','pelin@alustudent.com','2025-02-15',12,'000059 and 0 in (select sleep(15) ) --','');
INSERT INTO api_enrollment VALUES(409,'Pelin','pelin@alustudent.com','2025-02-15',11,'000059 and 0 in (select sleep(15) ) --','');
INSERT INTO api_enrollment VALUES(410,'Pelin','pelin@alustudent.com','2025-02-15',12,'000059'' and 0 in (select sleep(15) ) --','');
INSERT INTO api_enrollment VALUES(411,'Pelin','pelin@alustudent.com','2025-02-15',12,'000059" and 0 in (select sleep(15) ) --','');
INSERT INTO api_enrollment VALUES(412,'Pelin','pelin@alustudent.com','2025-02-15',12,'000059 where 0 in (select sleep(15) ) --','');
INSERT INTO api_enrollment VALUES(413,'Pelin','pelin@alustudent.com','2025-02-15',11,'000059'' and 0 in (select sleep(15) ) --','');
INSERT INTO api_enrollment VALUES(414,'Pelin','pelin@alustudent.com','2025-02-15',11,'000059" and 0 in (select sleep(15) ) --','');
INSERT INTO api_enrollment VALUES(415,'Pelin','pelin@alustudent.com','2025-02-15',11,'000059 where 0 in (select sleep(15) ) --','');
INSERT INTO api_enrollment VALUES(416,'Pelin','pelin@alustudent.com','2025-02-15',12,'000059'' where 0 in (select sleep(15) ) --','');
INSERT INTO api_enrollment VALUES(417,'Pelin','pelin@alustudent.com','2025-02-15',11,'000059'' where 0 in (select sleep(15) ) --','');
INSERT INTO api_enrollment VALUES(418,'Pelin','pelin@alustudent.com','2025-02-15',11,'000059" where 0 in (select sleep(15) ) --','');
INSERT INTO api_enrollment VALUES(419,'Pelin','pelin@alustudent.com','2025-02-15',11,'000059 or 0 in (select sleep(15) ) --','');
INSERT INTO api_enrollment VALUES(420,'Pelin','pelin@alustudent.com','2025-02-15',12,'000059" where 0 in (select sleep(15) ) --','');
INSERT INTO api_enrollment VALUES(421,'Pelin','pelin@alustudent.com','2025-02-15',12,'000059 or 0 in (select sleep(15) ) --','');
INSERT INTO api_enrollment VALUES(422,'Pelin','pelin@alustudent.com','2025-02-15',11,'"java.lang.Thread.sleep"(15000)','');
INSERT INTO api_enrollment VALUES(423,'Pelin','pelin@alustudent.com','2025-02-15',11,'000059 / "java.lang.Thread.sleep"(15000)','');
INSERT INTO api_enrollment VALUES(424,'Pelin','pelin@alustudent.com','2025-02-15',11,'000059'' / "java.lang.Thread.sleep"(15000) / ''','');
INSERT INTO api_enrollment VALUES(425,'Pelin','pelin@alustudent.com','2025-02-15',11,'000059" / "java.lang.Thread.sleep"(15000) / "','');
INSERT INTO api_enrollment VALUES(426,'Pelin','pelin@alustudent.com','2025-02-15',12,'000059 / "java.lang.Thread.sleep"(15000)','');
INSERT INTO api_enrollment VALUES(427,'Pelin','pelin@alustudent.com','2025-02-15',12,'000059'' / "java.lang.Thread.sleep"(15000) / ''','');
INSERT INTO api_enrollment VALUES(428,'Pelin','pelin@alustudent.com','2025-02-15',12,'000059" / "java.lang.Thread.sleep"(15000) / "','');
INSERT INTO api_enrollment VALUES(429,'Pelin','pelin@alustudent.com','2025-02-15',12,'000059 WAITFOR DELAY ''0:0:15'' --','');
INSERT INTO api_enrollment VALUES(430,'Pelin','pelin@alustudent.com','2025-02-15',11,'000059 WAITFOR DELAY ''0:0:15'' --','');
INSERT INTO api_enrollment VALUES(431,'Pelin','pelin@alustudent.com','2025-02-15',11,'000059'' WAITFOR DELAY ''0:0:15'' --','');
INSERT INTO api_enrollment VALUES(432,'Pelin','pelin@alustudent.com','2025-02-15',12,'000059'' WAITFOR DELAY ''0:0:15'' --','');
INSERT INTO api_enrollment VALUES(433,'Pelin','pelin@alustudent.com','2025-02-15',11,'000059" WAITFOR DELAY ''0:0:15'' --','');
INSERT INTO api_enrollment VALUES(434,'Pelin','pelin@alustudent.com','2025-02-15',12,'000059" WAITFOR DELAY ''0:0:15'' --','');
INSERT INTO api_enrollment VALUES(435,'Pelin','pelin@alustudent.com','2025-02-15',12,'000059) WAITFOR DELAY ''0:0:15'' --','');
INSERT INTO api_enrollment VALUES(436,'Pelin','pelin@alustudent.com','2025-02-15',11,'000059) WAITFOR DELAY ''0:0:15'' --','');
INSERT INTO api_enrollment VALUES(437,'Pelin','pelin@alustudent.com','2025-02-15',12,'000059) '' WAITFOR DELAY ''0:0:15'' --','');
INSERT INTO api_enrollment VALUES(438,'Pelin','pelin@alustudent.com','2025-02-15',12,'000059) " WAITFOR DELAY ''0:0:15'' --','');
INSERT INTO api_enrollment VALUES(439,'Pelin','pelin@alustudent.com','2025-02-15',11,'000059) '' WAITFOR DELAY ''0:0:15'' --','');
INSERT INTO api_enrollment VALUES(440,'Pelin','pelin@alustudent.com','2025-02-15',11,'000059) " WAITFOR DELAY ''0:0:15'' --','');
INSERT INTO api_enrollment VALUES(441,'Pelin','pelin@alustudent.com','2025-02-15',12,'000059)) WAITFOR DELAY ''0:0:15'' --','');
INSERT INTO api_enrollment VALUES(442,'Pelin','pelin@alustudent.com','2025-02-15',11,'000059)) WAITFOR DELAY ''0:0:15'' --','');
INSERT INTO api_enrollment VALUES(443,'Pelin','pelin@alustudent.com','2025-02-15',12,'000059)) '' WAITFOR DELAY ''0:0:15'' --','');
INSERT INTO api_enrollment VALUES(444,'Pelin','pelin@alustudent.com','2025-02-15',11,'000059)) '' WAITFOR DELAY ''0:0:15'' --','');
INSERT INTO api_enrollment VALUES(445,'Pelin','pelin@alustudent.com','2025-02-15',12,'000059)) " WAITFOR DELAY ''0:0:15'' --','');
INSERT INTO api_enrollment VALUES(446,'Pelin','pelin@alustudent.com','2025-02-15',11,'000059)) " WAITFOR DELAY ''0:0:15'' --','');
INSERT INTO api_enrollment VALUES(447,'Pelin','pelin@alustudent.com','2025-02-15',12,'000059) WAITFOR DELAY ''0:0:15'' (','');
INSERT INTO api_enrollment VALUES(448,'Pelin','pelin@alustudent.com','2025-02-15',11,'000059) WAITFOR DELAY ''0:0:15'' (','');
INSERT INTO api_enrollment VALUES(449,'Pelin','pelin@alustudent.com','2025-02-15',12,'"+response.write(166,019*831,865)+"','');
INSERT INTO api_enrollment VALUES(450,'Pelin','pelin@alustudent.com','2025-02-15',11,'"+response.write(960,563*312,153)+"','');
INSERT INTO api_enrollment VALUES(451,'Pelin','pelin@alustudent.com','2025-02-15',12,'response.write(166,019*831,865)','');
INSERT INTO api_enrollment VALUES(452,'Pelin','pelin@alustudent.com','2025-02-15',11,'+response.write({0}*{1})+','');
INSERT INTO api_enrollment VALUES(453,'Pelin','pelin@alustudent.com','2025-02-15',11,'response.write(960,563*312,153)','');
INSERT INTO api_enrollment VALUES(454,'Pelin','pelin@alustudent.com','2025-02-15',11,'cat /etc/passwd','');
INSERT INTO api_enrollment VALUES(455,'Pelin','pelin@alustudent.com','2025-02-15',11,'000059&cat /etc/passwd&','');
INSERT INTO api_enrollment VALUES(456,'Pelin','pelin@alustudent.com','2025-02-15',12,'000059&cat /etc/passwd&','');
INSERT INTO api_enrollment VALUES(457,'Pelin','pelin@alustudent.com','2025-02-15',11,'000059;cat /etc/passwd;','');
INSERT INTO api_enrollment VALUES(458,'Pelin','pelin@alustudent.com','2025-02-15',12,'000059;cat /etc/passwd;','');
INSERT INTO api_enrollment VALUES(459,'Pelin','pelin@alustudent.com','2025-02-15',11,'000059"&cat /etc/passwd&"','');
INSERT INTO api_enrollment VALUES(460,'Pelin','pelin@alustudent.com','2025-02-15',12,'000059"&cat /etc/passwd&"','');
INSERT INTO api_enrollment VALUES(461,'Pelin','pelin@alustudent.com','2025-02-15',11,'000059";cat /etc/passwd;"','');
INSERT INTO api_enrollment VALUES(462,'Pelin','pelin@alustudent.com','2025-02-15',12,'000059";cat /etc/passwd;"','');
INSERT INTO api_enrollment VALUES(463,'Pelin','pelin@alustudent.com','2025-02-15',12,'000059''&cat /etc/passwd&''','');
INSERT INTO api_enrollment VALUES(464,'Pelin','pelin@alustudent.com','2025-02-15',11,'000059''&cat /etc/passwd&''','');
INSERT INTO api_enrollment VALUES(465,'Pelin','pelin@alustudent.com','2025-02-15',12,'000059'';cat /etc/passwd;''','');
INSERT INTO api_enrollment VALUES(466,'Pelin','pelin@alustudent.com','2025-02-15',11,'000059'';cat /etc/passwd;''','');
INSERT INTO api_enrollment VALUES(467,'Pelin','pelin@alustudent.com','2025-02-15',12,'000059&sleep 15.0&','');
INSERT INTO api_enrollment VALUES(468,'Pelin','pelin@alustudent.com','2025-02-15',11,'000059&sleep 15.0&','');
INSERT INTO api_enrollment VALUES(469,'Pelin','pelin@alustudent.com','2025-02-15',11,'000059;sleep 15.0;','');
INSERT INTO api_enrollment VALUES(470,'Pelin','pelin@alustudent.com','2025-02-15',11,'000059"&sleep 15.0&"','');
INSERT INTO api_enrollment VALUES(471,'Pelin','pelin@alustudent.com','2025-02-15',12,'000059;sleep 15.0;','');
INSERT INTO api_enrollment VALUES(472,'Pelin','pelin@alustudent.com','2025-02-15',11,'000059";sleep 15.0;"','');
INSERT INTO api_enrollment VALUES(473,'Pelin','pelin@alustudent.com','2025-02-15',11,'000059''&sleep 15.0&''','');
INSERT INTO api_enrollment VALUES(474,'Pelin','pelin@alustudent.com','2025-02-15',12,'000059"&sleep 15.0&"','');
INSERT INTO api_enrollment VALUES(475,'Pelin','pelin@alustudent.com','2025-02-15',11,'000059'';sleep 15.0;''','');
INSERT INTO api_enrollment VALUES(476,'Pelin','pelin@alustudent.com','2025-02-15',12,'000059";sleep 15.0;"','');
INSERT INTO api_enrollment VALUES(477,'Pelin','pelin@alustudent.com','2025-02-15',11,'type %SYSTEMROOT%\win.ini','');
INSERT INTO api_enrollment VALUES(478,'Pelin','pelin@alustudent.com','2025-02-15',11,'000059&type %SYSTEMROOT%\win.ini','');
INSERT INTO api_enrollment VALUES(479,'Pelin','pelin@alustudent.com','2025-02-15',11,'000059|type %SYSTEMROOT%\win.ini','');
INSERT INTO api_enrollment VALUES(480,'Pelin','pelin@alustudent.com','2025-02-15',11,'000059"&type %SYSTEMROOT%\win.ini&"','');
INSERT INTO api_enrollment VALUES(481,'Pelin','pelin@alustudent.com','2025-02-15',12,'000059''&sleep 15.0&''','');
INSERT INTO api_enrollment VALUES(482,'Pelin','pelin@alustudent.com','2025-02-15',11,'000059"|type %SYSTEMROOT%\win.ini','');
INSERT INTO api_enrollment VALUES(483,'Pelin','pelin@alustudent.com','2025-02-15',12,'000059'';sleep 15.0;''','');
INSERT INTO api_enrollment VALUES(484,'Pelin','pelin@alustudent.com','2025-02-15',12,'000059&type %SYSTEMROOT%\win.ini','');
INSERT INTO api_enrollment VALUES(485,'Pelin','pelin@alustudent.com','2025-02-15',12,'000059|type %SYSTEMROOT%\win.ini','');
INSERT INTO api_enrollment VALUES(486,'Pelin','pelin@alustudent.com','2025-02-15',11,'000059''&type %SYSTEMROOT%\win.ini&''','');
INSERT INTO api_enrollment VALUES(487,'Pelin','pelin@alustudent.com','2025-02-15',12,'000059"&type %SYSTEMROOT%\win.ini&"','');
INSERT INTO api_enrollment VALUES(488,'Pelin','pelin@alustudent.com','2025-02-15',11,'000059''|type %SYSTEMROOT%\win.ini','');
INSERT INTO api_enrollment VALUES(489,'Pelin','pelin@alustudent.com','2025-02-15',12,'000059"|type %SYSTEMROOT%\win.ini','');
INSERT INTO api_enrollment VALUES(490,'Pelin','pelin@alustudent.com','2025-02-15',11,'000059&timeout /T 15.0','');
INSERT INTO api_enrollment VALUES(491,'Pelin','pelin@alustudent.com','2025-02-15',12,'000059''&type %SYSTEMROOT%\win.ini&''','');
INSERT INTO api_enrollment VALUES(492,'Pelin','pelin@alustudent.com','2025-02-15',11,'000059|timeout /T 15.0','');
INSERT INTO api_enrollment VALUES(493,'Pelin','pelin@alustudent.com','2025-02-15',12,'000059''|type %SYSTEMROOT%\win.ini','');
INSERT INTO api_enrollment VALUES(494,'Pelin','pelin@alustudent.com','2025-02-15',11,'000059"&timeout /T 15.0&"','');
INSERT INTO api_enrollment VALUES(495,'Pelin','pelin@alustudent.com','2025-02-15',12,'000059&timeout /T 15.0','');
INSERT INTO api_enrollment VALUES(496,'Pelin','pelin@alustudent.com','2025-02-15',11,'000059"|timeout /T 15.0','');
INSERT INTO api_enrollment VALUES(497,'Pelin','pelin@alustudent.com','2025-02-15',11,'000059''&timeout /T 15.0&''','');
INSERT INTO api_enrollment VALUES(498,'Pelin','pelin@alustudent.com','2025-02-15',11,'000059''|timeout /T 15.0','');
INSERT INTO api_enrollment VALUES(499,'Pelin','pelin@alustudent.com','2025-02-15',11,'get-help','');
INSERT INTO api_enrollment VALUES(500,'Pelin','pelin@alustudent.com','2025-02-15',12,'000059|timeout /T 15.0','');
INSERT INTO api_enrollment VALUES(501,'Pelin','pelin@alustudent.com','2025-02-15',12,'000059"&timeout /T 15.0&"','');
INSERT INTO api_enrollment VALUES(502,'Pelin','pelin@alustudent.com','2025-02-15',12,'000059"|timeout /T 15.0','');
INSERT INTO api_enrollment VALUES(503,'Pelin','pelin@alustudent.com','2025-02-15',11,'000059;get-help','');
INSERT INTO api_enrollment VALUES(504,'Pelin','pelin@alustudent.com','2025-02-15',12,'000059''&timeout /T 15.0&''','');
INSERT INTO api_enrollment VALUES(505,'Pelin','pelin@alustudent.com','2025-02-15',11,'000059";get-help','');
INSERT INTO api_enrollment VALUES(506,'Pelin','pelin@alustudent.com','2025-02-15',11,'000059'';get-help','');
INSERT INTO api_enrollment VALUES(507,'Pelin','pelin@alustudent.com','2025-02-15',11,'000059;get-help #','');
INSERT INTO api_enrollment VALUES(508,'Pelin','pelin@alustudent.com','2025-02-15',12,'000059''|timeout /T 15.0','');
INSERT INTO api_enrollment VALUES(509,'Pelin','pelin@alustudent.com','2025-02-15',11,'000059;start-sleep -s 15.0','');
INSERT INTO api_enrollment VALUES(510,'Pelin','pelin@alustudent.com','2025-02-15',11,'000059";start-sleep -s 15.0','');
INSERT INTO api_enrollment VALUES(511,'Pelin','pelin@alustudent.com','2025-02-15',12,'000059;get-help','');
INSERT INTO api_enrollment VALUES(512,'Pelin','pelin@alustudent.com','2025-02-15',11,'000059'';start-sleep -s 15.0','');
INSERT INTO api_enrollment VALUES(513,'Pelin','pelin@alustudent.com','2025-02-15',12,'000059";get-help','');
INSERT INTO api_enrollment VALUES(514,'Pelin','pelin@alustudent.com','2025-02-15',11,'000059;start-sleep -s 15.0 #','');
INSERT INTO api_enrollment VALUES(515,'Pelin','pelin@alustudent.com','2025-02-15',12,'000059'';get-help','');
INSERT INTO api_enrollment VALUES(516,'Pelin','pelin@alustudent.com','2025-02-15',12,'000059;get-help #','');
INSERT INTO api_enrollment VALUES(517,'Pelin','pelin@alustudent.com','2025-02-15',12,'000059;start-sleep -s 15.0','');
INSERT INTO api_enrollment VALUES(518,'Pelin','pelin@alustudent.com','2025-02-15',12,'000059";start-sleep -s 15.0','');
INSERT INTO api_enrollment VALUES(519,'Pelin','pelin@alustudent.com','2025-02-15',12,'000059'';start-sleep -s 15.0','');
INSERT INTO api_enrollment VALUES(520,'Pelin','pelin@alustudent.com','2025-02-15',12,'000059;start-sleep -s 15.0 #','');
INSERT INTO api_enrollment VALUES(521,'Pelin','pelin@alustudent.com','2025-02-15',11,'"''','');
INSERT INTO api_enrollment VALUES(522,'Pelin','pelin@alustudent.com','2025-02-15',11,'<!--','');
INSERT INTO api_enrollment VALUES(523,'Pelin','pelin@alustudent.com','2025-02-15',11,']]>','');
INSERT INTO api_enrollment VALUES(524,'Pelin','pelin@alustudent.com','2025-02-15',11,'zj 4479*3912 zj','');
INSERT INTO api_enrollment VALUES(525,'Pelin','pelin@alustudent.com','2025-02-15',12,'zj 9269*7325 zj','');
INSERT INTO api_enrollment VALUES(526,'Pelin','pelin@alustudent.com','2025-02-15',11,'zj{5097*2179}zj','');
INSERT INTO api_enrollment VALUES(527,'Pelin','pelin@alustudent.com','2025-02-15',11,'zj${8423*3091}zj','');
INSERT INTO api_enrollment VALUES(528,'Pelin','pelin@alustudent.com','2025-02-15',11,'zj#{8638*5112}zj','');
INSERT INTO api_enrollment VALUES(529,'Pelin','pelin@alustudent.com','2025-02-15',11,'zj{#9428*6828}zj','');
INSERT INTO api_enrollment VALUES(530,'Pelin','pelin@alustudent.com','2025-02-15',12,'zj{3086*2092}zj','');
INSERT INTO api_enrollment VALUES(531,'Pelin','pelin@alustudent.com','2025-02-15',11,'zj{@9726*3049}zj','');
INSERT INTO api_enrollment VALUES(532,'Pelin','pelin@alustudent.com','2025-02-15',12,'zj${2599*3567}zj','');
INSERT INTO api_enrollment VALUES(533,'Pelin','pelin@alustudent.com','2025-02-15',11,'zj{{2482*7593}}zj','');
INSERT INTO api_enrollment VALUES(534,'Pelin','pelin@alustudent.com','2025-02-15',12,'zj#{1175*5286}zj','');
INSERT INTO api_enrollment VALUES(535,'Pelin','pelin@alustudent.com','2025-02-15',11,'zj{{=6350*3919}}zj','');
INSERT INTO api_enrollment VALUES(536,'Pelin','pelin@alustudent.com','2025-02-15',12,'zj{#7906*6899}zj','');
INSERT INTO api_enrollment VALUES(537,'Pelin','pelin@alustudent.com','2025-02-15',11,'zj<%=5393*9267%>zj','');
INSERT INTO api_enrollment VALUES(538,'Pelin','pelin@alustudent.com','2025-02-15',12,'zj{@3984*8058}zj','');
INSERT INTO api_enrollment VALUES(539,'Pelin','pelin@alustudent.com','2025-02-15',11,'zj#set($x=1458*6038)${x}zj','');
INSERT INTO api_enrollment VALUES(540,'Pelin','pelin@alustudent.com','2025-02-15',12,'zj{{5929*9654}}zj','');
INSERT INTO api_enrollment VALUES(541,'Pelin','pelin@alustudent.com','2025-02-15',11,'zj<p th:text="${6214*2350}"></p>zj','');
INSERT INTO api_enrollment VALUES(542,'Pelin','pelin@alustudent.com','2025-02-15',11,'zj{{77510|add:84800}}zj','');
INSERT INTO api_enrollment VALUES(543,'Pelin','pelin@alustudent.com','2025-02-15',12,'zj{{=6330*1119}}zj','');
INSERT INTO api_enrollment VALUES(544,'Pelin','pelin@alustudent.com','2025-02-15',11,'zj{{print "9494" "6897"}}zj','');
INSERT INTO api_enrollment VALUES(545,'Pelin','pelin@alustudent.com','2025-02-15',12,'zj<%=2073*4655%>zj','');
INSERT INTO api_enrollment VALUES(546,'Pelin','pelin@alustudent.com','2025-02-15',12,'zj#set($x=4333*5875)${x}zj','');
INSERT INTO api_enrollment VALUES(547,'Pelin','pelin@alustudent.com','2025-02-15',12,'zj<p th:text="${9203*2924}"></p>zj','');
INSERT INTO api_enrollment VALUES(548,'Pelin','pelin@alustudent.com','2025-02-15',12,'zj{{86820|add:58250}}zj','');
INSERT INTO api_enrollment VALUES(549,'Pelin','pelin@alustudent.com','2025-02-15',12,'zj{{print "1325" "8502"}}zj','');
INSERT INTO api_enrollment VALUES(550,'Pelin','pelin@alustudent.com','2025-02-15',11,'<%=%x(sleep 15)%>','');
INSERT INTO api_enrollment VALUES(551,'Pelin','pelin@alustudent.com','2025-02-15',11,'#{%x(sleep 15)}','');
INSERT INTO api_enrollment VALUES(552,'Pelin','pelin@alustudent.com','2025-02-15',11,'{system("sleep 15")}','');
INSERT INTO api_enrollment VALUES(553,'Pelin','pelin@alustudent.com','2025-02-15',11,'ZAP','');
INSERT INTO api_enrollment VALUES(554,'Pelin','pelin@alustudent.com','2025-02-15',11,'<','');
INSERT INTO api_enrollment VALUES(555,'Pelin','pelin@alustudent.com','2025-02-15',11,'system-property(''xsl:vendor'')/>','');
INSERT INTO api_enrollment VALUES(556,'Ayotunde','ayotunde@alustudent.com','2025-02-16',11,'00004','');
INSERT INTO api_enrollment VALUES(557,'Pelin','pelin@alustudent.com','2025-02-16',14,'00003','');
INSERT INTO api_enrollment VALUES(558,'Pelin','pelin@alustudent.com','2025-02-16',6,'00003','');
INSERT INTO api_enrollment VALUES(559,'Pelin','pelin@alustudent.com','2025-02-16',17,'00003','');
CREATE TABLE IF NOT EXISTS "api_userprofile" ("id" integer NOT NULL PRIMARY KEY AUTOINCREMENT, "role" varchar(20) NOT NULL, "user_id" integer NOT NULL UNIQUE REFERENCES "auth_user" ("id") DEFERRABLE INITIALLY DEFERRED);
INSERT INTO api_userprofile VALUES(1,'admin',5);
INSERT INTO api_userprofile VALUES(2,'instructor',3);
INSERT INTO api_userprofile VALUES(3,'student',4);
INSERT INTO api_userprofile VALUES(4,'student',6);
CREATE TABLE IF NOT EXISTS "authtoken_token" ("key" varchar(40) NOT NULL PRIMARY KEY, "created" datetime NOT NULL, "user_id" integer NOT NULL UNIQUE REFERENCES "auth_user" ("id") DEFERRABLE INITIALLY DEFERRED);
INSERT INTO sqlite_sequence VALUES('django_migrations',27);
INSERT INTO sqlite_sequence VALUES('django_admin_log',32);
INSERT INTO sqlite_sequence VALUES('django_content_type',11);
INSERT INTO sqlite_sequence VALUES('auth_permission',44);
INSERT INTO sqlite_sequence VALUES('auth_group',2);
INSERT INTO sqlite_sequence VALUES('auth_user',6);
INSERT INTO sqlite_sequence VALUES('api_course',19);
INSERT INTO sqlite_sequence VALUES('api_enrollment',559);
INSERT INTO sqlite_sequence VALUES('auth_group_permissions',18);
INSERT INTO sqlite_sequence VALUES('auth_user_groups',5);
INSERT INTO sqlite_sequence VALUES('api_userprofile',4);
CREATE UNIQUE INDEX "auth_group_permissions_group_id_permission_id_0cd325b0_uniq" ON "auth_group_permissions" ("group_id", "permission_id");
CREATE INDEX "auth_group_permissions_group_id_b120cbf9" ON "auth_group_permissions" ("group_id");
CREATE INDEX "auth_group_permissions_permission_id_84c5c92e" ON "auth_group_permissions" ("permission_id");
CREATE UNIQUE INDEX "auth_user_groups_user_id_group_id_94350c0c_uniq" ON "auth_user_groups" ("user_id", "group_id");
CREATE INDEX "auth_user_groups_user_id_6a12ed8b" ON "auth_user_groups" ("user_id");
CREATE INDEX "auth_user_groups_group_id_97559544" ON "auth_user_groups" ("group_id");
CREATE UNIQUE INDEX "auth_user_user_permissions_user_id_permission_id_14a6b632_uniq" ON "auth_user_user_permissions" ("user_id", "permission_id");
CREATE INDEX "auth_user_user_permissions_user_id_a95ead1b" ON "auth_user_user_permissions" ("user_id");
CREATE INDEX "auth_user_user_permissions_permission_id_1fbb5f2c" ON "auth_user_user_permissions" ("permission_id");
CREATE INDEX "django_admin_log_content_type_id_c4bce8eb" ON "django_admin_log" ("content_type_id");
CREATE INDEX "django_admin_log_user_id_c564eba6" ON "django_admin_log" ("user_id");
CREATE UNIQUE INDEX "django_content_type_app_label_model_76bd3d3b_uniq" ON "django_content_type" ("app_label", "model");
CREATE UNIQUE INDEX "auth_permission_content_type_id_codename_01ab375a_uniq" ON "auth_permission" ("content_type_id", "codename");
CREATE INDEX "auth_permission_content_type_id_2f476e4b" ON "auth_permission" ("content_type_id");
CREATE INDEX "django_session_expire_date_a5c62663" ON "django_session" ("expire_date");
CREATE INDEX "api_enrollment_course_id_f3c3c259" ON "api_enrollment" ("course_id");
CREATE UNIQUE INDEX "api_enrollment_student_id_course_id_5aa43529_uniq" ON "api_enrollment" ("student_id", "course_id");
COMMIT;
